date,weather_am,whether_pm,temp_max,temp_min,temp_mean,wind_am,wind_pm
2011/1/1,晴,晴,0,-9,-4.5,微风,微风
2011/1/2,多云,阴,-2,-7,-4.5,微风,微风
2011/1/3,晴,晴,1,-8,-3.5,北风 3-4级,微风
2011/1/4,晴,晴,-1,-11,-6,微风,微风
2011/1/5,晴,晴,-1,-8,-4.5,北风 4-5级,北风 3-4级
2011/1/6,晴,晴,0,-10,-5,微风,微风
2011/1/7,晴,多云,1,-7,-3,微风,微风
2011/1/8,多云,晴,1,-8,-3.5,北风 4-5级,北风 4-5级
2011/1/9,晴,晴,-1,-10,-5.5,北风 3-4级,微风
2011/1/10,晴,多云,-1,-7,-4,微风,北风 3-4级
2011/1/11,晴,晴,-1,-11,-6,北风 3-4级,微风
2011/1/12,多云,多云,0,-8,-4,微风,微风
2011/1/13,晴,晴,1,-7,-3,微风,微风
2011/1/14,晴,晴,-1,-10,-5.5,北风 4-5级,北风 3-4级
2011/1/15,晴,阴,3,-4,-0.5,微风,微风
2011/1/16,晴,晴,-1,-9,-5,微风,微风
2011/1/17,晴,晴,-1,-9,-5,北风 3-4级,微风
2011/1/18,晴,晴,-1,-10,-5.5,微风,微风
2011/1/19,晴,晴,0,-9,-4.5,微风,微风
2011/1/20,晴,多云,0,-7,-3.5,微风,微风
2011/1/21,晴,多云,1,-7,-3,微风,微风
2011/1/22,多云,多云,0,-9,-4.5,微风,北风 3-4级
2011/1/23,晴,晴,-1,-10,-5.5,北风 3-4级,微风
2011/1/24,晴,多云,0,-9,-4.5,微风,微风
2011/1/25,晴,晴,0,-10,-5,微风,微风
2011/1/26,晴,多云,0,-8,-4,微风,微风
2011/1/27,晴,晴,2,-7,-2.5,微风,微风
2011/1/28,晴,晴,4,-7,-1.5,微风,微风
2011/1/29,晴,晴,-1,-10,-5.5,微风,微风
2011/1/30,晴,晴,3,-7,-2,微风,微风
2011/1/31,多云,雾,4,-2,1,微风,微风
2011/2/1,晴,晴,4,-8,-2,北风 3-4级,微风
2011/2/2,晴,多云,9,-4,2.5,北风 4-5级,北风 4-5级
2011/2/3,小雪,雾,0,-5,-2.5,微风,北风 3-4级
2011/2/4,晴,小雪,2,-7,-2.5,北风 3-4级,微风
2011/2/5,晴,阴,1,-5,-2,微风,微风
2011/2/6,多云,阴,9,-1,4,微风,北风 3-4级
2011/2/7,晴,晴,8,-4,2,微风,微风
2011/2/8,晴,多云,-2,-9,-5.5,微风,微风
2011/2/9,多云,多云,0,-6,-3,微风,微风
2011/2/10,晴,晴,0,-10,-5,微风,微风
2011/2/11,晴,晴,1,-10,-4.5,北风 3-4级,微风
2011/2/12,阴,小雪,-3,-6,-4.5,微风,微风
2011/2/13,晴,晴,10,-3,3.5,微风,微风
2011/2/14,晴,晴,1,-7,-3,北风 4-5级,微风
2011/2/15,晴,多云,4,-6,-1,微风,微风
2011/2/16,霾,多云,5,-4,0.5,微风,微风
2011/2/17,晴,晴,9,-2,3.5,微风,北风 3-4级
2011/2/18,多云,晴,3,-8,-2.5,北风 3-4级,微风
2011/2/19,晴,晴,10,-3,3.5,微风,微风
2011/2/20,晴,多云,10,-3,3.5,微风,微风
2011/2/21,晴,晴,10,-1,4.5,微风,微风
2011/2/22,雾,多云,9,0,4.5,微风,微风
2011/2/23,多云,晴,9,3,6,微风,微风
2011/2/24,晴,晴,10,-1,4.5,微风,微风
2011/2/25,晴,雨夹雪,7,-1,3,微风,微风
2011/2/26,小雪,小雪,2,-3,-0.5,微风,微风
2011/2/27,小雪,阴,2,-5,-1.5,微风,微风
2011/2/28,晴,晴,6,-4,1,微风,北风 3-4级
2011/3/1,多云,晴,5,-3,1,微风,微风
2011/3/2,晴,晴,6,-2,2,微风,北风 3-4级
2011/3/3,晴,晴,9,-4,2.5,北风 3-4级,微风
2011/3/4,晴,多云,11,0,5.5,微风,微风
2011/3/5,晴,晴,13,1,7,微风,北风 3-4级
2011/3/6,晴,晴,10,-1,4.5,北风 3-4级,微风
2011/3/7,晴,晴,10,-1,4.5,北风 3-4级,微风
2011/3/8,晴,晴,10,-1,4.5,北风 3-4级,北风 3-4级
2011/3/9,晴,晴,11,-1,5,北风 3-4级,微风
2011/3/10,晴,晴,15,1,8,微风,微风
2011/3/11,多云,晴,17,3,10,微风,微风
2011/3/12,晴,阴,19,7,13,微风,微风
2011/3/13,多云,晴,17,3,10,北风 4-5级,北风 4-5级
2011/3/14,多云,多云,9,1,5,北风 3-4级,北风 3-4级
2011/3/15,晴,晴,9,-2,3.5,北风 4-5级,北风 3-4级
2011/3/16,晴,晴,13,0,6.5,微风,微风
2011/3/17,晴,多云,16,5,10.5,微风,微风
2011/3/18,多云,晴,14,0,7,北风 4-5级,北风 3-4级
2011/3/19,多云,多云,13,3,8,微风,微风
2011/3/20,阴,阴,11,3,7,微风,北风 4-5级
2011/3/21,多云,晴,8,-1,3.5,北风 4-5级,北风 3-4级
2011/3/22,晴,晴,10,-1,4.5,微风,微风
2011/3/23,晴,阴,11,1,6,北风 3-4级,北风 4-5级
2011/3/24,晴,晴,12,0,6,北风 4-5级,微风
2011/3/25,晴,晴,12,1,6.5,微风,微风
2011/3/26,晴,晴,15,1,8,微风,微风
2011/3/27,晴,多云,16,2,9,微风,微风
2011/3/28,晴,晴,17,4,10.5,微风,微风
2011/3/29,晴,晴,19,4,11.5,微风,微风
2011/3/30,晴,晴,22,7,14.5,微风,微风
2011/3/31,多云,小雨,22,7,14.5,微风,东北风 3-4级
2011/4/1,小雨,小雨,10,4,7,微风,微风
2011/4/2,晴,晴,13,1,7,微风,微风
2011/4/3,晴,晴,16,3,9.5,微风,微风
2011/4/4,晴,晴,20,5,12.5,微风,微风
2011/4/5,多云,阴,19,9,14,微风,微风
2011/4/6,阴,多云,19,8,13.5,微风,微风
2011/4/7,多云,晴,19,5,12,北风 3-4级,北风 3-4级
2011/4/8,晴,多云,20,7,13.5,微风,微风
2011/4/9,阴,小雨,21,11,16,微风,北风 3-4级
2011/4/10,阴,晴,16,4,10,北风 3-4级,微风
2011/4/11,晴,晴,22,7,14.5,微风,微风
2011/4/12,晴,晴,26,9,17.5,微风,微风
2011/4/13,晴,多云,26,12,19,微风,微风
2011/4/14,晴,多云,28,15,21.5,微风,微风
2011/4/15,晴,晴,25,8,16.5,北风 3-4级,微风
2011/4/16,晴,浮尘,25,14,19.5,西南风 3-4级,北风 3-4级
2011/4/17,晴,晴,19,9,14,北风 5-6级,北风 4-5级
2011/4/18,晴,晴,21,8,14.5,微风,微风
2011/4/19,晴,晴,24,11,17.5,微风,微风
2011/4/20,多云,小雨,25,14,19.5,微风,微风
2011/4/21,小雨,晴,17,7,12,微风,微风
2011/4/22,阴,阴,20,8,14,北风 3-4级,微风
2011/4/23,阵雨,晴,18,9,13.5,微风,微风
2011/4/24,晴,多云,22,11,16.5,微风,微风
2011/4/25,阴,阵雨,18,9,13.5,微风,微风
2011/4/26,阵雨,晴,17,8,12.5,微风,微风
2011/4/27,阴,多云,23,9,16,微风,微风
2011/4/28,晴,阴,24,12,18,微风,微风
2011/4/29,阵雨,阵雨,22,12,17,微风,北风 3-4级
2011/4/30,阴,多云,21,13,17,北风 5-6级,北风 4-5级
2011/5/1,晴,多云,25,13,19,微风,微风
2011/5/2,晴,晴,25,11,18,微风,微风
2011/5/3,晴,小雨,24,14,19,微风,微风
2011/5/4,阵雨,阵雨,19,13,16,微风,微风
2011/5/5,多云,晴,23,13,18,微风,微风
2011/5/6,晴,多云,26,12,19,微风,微风
2011/5/7,晴,阴,26,15,20.5,微风,微风
2011/5/8,中雨,小雨,19,12,15.5,微风,微风
2011/5/9,多云,阴,26,16,21,微风,微风
2011/5/10,晴,多云,26,13,19.5,微风,微风
2011/5/11,多云,浮尘,28,12,20,北风 3-4级,北风 5-6级
2011/5/12,晴,晴,23,13,18,北风 5-6级,北风 4-5级
2011/5/13,晴,晴,27,15,21,北风 3-4级,北风 4-5级
2011/5/14,晴,多云,30,15,22.5,微风,微风
2011/5/15,多云,晴,26,13,19.5,微风,微风
2011/5/16,晴,晴,28,14,21,南风 3-4级,微风
2011/5/17,阴,阴,29,16,22.5,微风,微风
2011/5/18,雷阵雨,阴,31,17,24,微风,北风 4-5级
2011/5/19,晴,阴,25,16,20.5,微风,微风
2011/5/20,多云,多云,23,13,18,微风,微风
2011/5/21,晴,晴,26,12,19,北风 3-4级,微风
2011/5/22,晴,晴,29,15,22,微风,微风
2011/5/23,晴,晴,31,16,23.5,南风 3-4级,微风
2011/5/24,晴,多云,28,18,23,南风 3-4级,微风
2011/5/25,多云,多云,27,18,22.5,南风 3-4级,微风
2011/5/26,阵雨,阵雨,28,16,22,微风,微风
2011/5/27,晴,晴,29,18,23.5,微风,微风
2011/5/28,晴,多云,33,21,27,南风 3-4级,微风
2011/5/29,雷阵雨,雷阵雨,28,17,22.5,微风,微风
2011/5/30,多云,晴,30,19,24.5,微风,微风
2011/5/31,多云,多云,29,18,23.5,北风 3-4级,微风
2011/6/1,晴,晴,32,19,25.5,微风,微风
2011/6/2,多云,阴,35,22,28.5,微风,微风
2011/6/3,晴,晴,33,20,26.5,微风,微风
2011/6/4,多云,晴,31,21,26,微风,微风
2011/6/5,阴,雷阵雨,33,22,27.5,微风,微风
2011/6/6,雷阵雨,多云,33,20,26.5,微风,微风
2011/6/7,多云,雷阵雨,36,21,28.5,微风,微风
2011/6/8,多云,晴,34,21,27.5,微风,微风
2011/6/9,多云,多云,34,22,28,微风,微风
2011/6/10,雷阵雨,雷阵雨,31,18,24.5,微风,微风
2011/6/11,雷阵雨,多云,29,18,23.5,微风,微风
2011/6/12,晴,晴,35,20,27.5,微风,微风
2011/6/13,晴,多云,35,21,28,微风,微风
2011/6/14,多云,多云,33,23,28,微风,微风
2011/6/15,雷阵雨,中雨,32,19,25.5,微风,微风
2011/6/16,雷阵雨,雷阵雨,27,19,23,微风,微风
2011/6/17,阴,多云,29,21,25,微风,微风
2011/6/18,晴,晴,33,22,27.5,微风,微风
2011/6/19,晴,晴,34,22,28,微风,微风
2011/6/20,多云,多云,34,23,28.5,微风,微风
2011/6/21,多云,多云,34,25,29.5,微风,微风
2011/6/22,阵雨,阵雨,32,21,26.5,微风,微风
2011/6/23,中雨,大雨,28,19,23.5,微风,微风
2011/6/24,阵雨,多云,26,18,22,微风,微风
2011/6/25,多云,晴,29,19,24,微风,微风
2011/6/26,晴,多云,32,20,26,微风,微风
2011/6/27,多云,阴,32,22,27,微风,微风
2011/6/28,晴,晴,32,22,27,微风,微风
2011/6/29,晴,雷阵雨,32,23,27.5,微风,微风
2011/6/30,雷阵雨,多云,31,24,27.5,微风,微风
2011/7/1,中到大雨,阵雨,29,25,27,微风,微风
2011/7/2,中雨,阴,28,23,25.5,微风,微风
2011/7/3,晴,晴,33,22,27.5,微风,微风
2011/7/4,晴,阴,35,24,29.5,微风,微风
2011/7/5,阴,多云,35,25,30,微风,微风
2011/7/6,阴,雷阵雨,32,22,27,微风,微风
2011/7/7,雷阵雨,阴,33,20,26.5,微风,微风
2011/7/8,多云,晴,33,22,27.5,微风,微风
2011/7/9,晴,多云,35,22,28.5,微风,微风
2011/7/10,阵雨,阴,34,23,28.5,微风,微风
2011/7/11,多云,雷阵雨,33,22,27.5,微风,微风
2011/7/12,雷阵雨,雷阵雨,31,23,27,微风,微风
2011/7/13,多云,多云,32,24,28,微风,微风
2011/7/14,雷阵雨,雷阵雨,32,23,27.5,微风,微风
2011/7/15,雷阵雨,雷阵雨,32,22,27,微风,微风
2011/7/16,多云,雷阵雨,31,22,26.5,微风,微风
2011/7/17,小到中雨,中雨,30,20,25,微风,微风
2011/7/18,雷阵雨,多云,28,21,24.5,微风,微风
2011/7/19,雷阵雨,小到中雨,29,21,25,微风,微风
2011/7/20,小到中雨,雷阵雨,29,21,25,微风,微风
2011/7/21,雷阵雨,雷阵雨,29,22,25.5,微风,微风
2011/7/22,雷阵雨,阴,32,24,28,微风,微风
2011/7/23,雾,雾,34,26,30,微风,微风
2011/7/24,大雨,暴雨,31,22,26.5,微风,微风
2011/7/25,小雨,多云,30,22,26,微风,微风
2011/7/26,晴,雷阵雨,35,25,30,微风,微风
2011/7/27,多云,阴,33,25,29,微风,微风
2011/7/28,多云,多云,32,26,29,微风,微风
2011/7/29,大雨,中雨,30,23,26.5,微风,微风
2011/7/30,阴,多云,33,22,27.5,微风,微风
2011/7/31,晴,多云,35,24,29.5,微风,微风
2011/8/1,晴,多云,35,25,30,微风,微风
2011/8/2,多云,阴,32,24,28,微风,微风
2011/8/3,晴,晴,34,22,28,微风,微风
2011/8/4,晴,晴,33,23,28,微风,微风
2011/8/5,多云,多云,31,24,27.5,微风,微风
2011/8/6,雷阵雨,阵雨,31,23,27,微风,微风
2011/8/7,多云,多云,32,24,28,微风,微风
2011/8/8,多云,晴,34,24,29,微风,微风
2011/8/9,雷阵雨,雷阵雨,35,24,29.5,微风,微风
2011/8/10,阴,多云,32,24,28,微风,微风
2011/8/11,多云,多云,33,25,29,微风,微风
2011/8/12,多云,晴,33,25,29,微风,微风
2011/8/13,阴,阴,33,24,28.5,微风,微风
2011/8/14,小到中雨,大到暴雨,30,21,25.5,微风,微风
2011/8/15,中雨,小到中雨,27,22,24.5,微风,微风
2011/8/16,阴,晴,32,23,27.5,微风,微风
2011/8/17,雷阵雨,阵雨,31,22,26.5,微风,微风
2011/8/18,多云,多云,29,20,24.5,微风,微风
2011/8/19,多云,多云,30,20,25,微风,微风
2011/8/20,晴,晴,31,21,26,微风,微风
2011/8/21,晴,晴,31,21,26,微风,微风
2011/8/22,晴,多云,30,20,25,微风,微风
2011/8/23,多云,多云,30,20,25,微风,微风
2011/8/24,多云,雷阵雨,29,20,24.5,微风,微风
2011/8/25,阵雨,阵雨,27,20,23.5,微风,微风
2011/8/26,雷阵雨,雷阵雨,28,20,24,微风,微风
2011/8/27,雷阵雨,阴,28,21,24.5,微风,微风
2011/8/28,多云,晴,30,20,25,微风,微风
2011/8/29,晴,多云,32,21,26.5,微风,微风
2011/8/30,晴,多云,31,23,27,微风,微风
2011/8/31,雷阵雨,中雨,31,20,25.5,微风,微风
2011/9/1,多云,晴,28,19,23.5,微风,微风
2011/9/2,多云,晴,29,20,24.5,微风,微风
2011/9/3,阴,阴,26,18,22,微风,微风
2011/9/4,晴,晴,29,19,24,微风,微风
2011/9/5,晴,晴,30,20,25,微风,微风
2011/9/6,多云,多云,29,20,24.5,微风,微风
2011/9/7,阴,阴,26,18,22,微风,微风
2011/9/8,多云,阵雨,24,17,20.5,微风,微风
2011/9/9,多云,小雨,24,15,19.5,微风,微风
2011/9/10,小雨,阴,19,13,16,微风,微风
2011/9/11,多云,多云,25,16,20.5,微风,微风
2011/9/12,阴,阴,24,16,20,微风,微风
2011/9/13,多云,雾,24,18,21,微风,微风
2011/9/14,多云,多云,24,18,21,微风,微风
2011/9/15,多云,阵雨,25,17,21,微风,微风
2011/9/16,小雨,阵雨,21,14,17.5,微风,北风 3-4级
2011/9/17,阴,晴,20,11,15.5,微风,微风
2011/9/18,晴,多云,21,10,15.5,微风,微风
2011/9/19,晴,晴,22,10,16,微风,微风
2011/9/20,晴,晴,24,11,17.5,微风,微风
2011/9/21,晴,晴,27,11,19,微风,微风
2011/9/22,晴,晴,28,12,20,微风,微风
2011/9/23,晴,晴,28,13,20.5,微风,微风
2011/9/24,晴,晴,28,15,21.5,微风,微风
2011/9/25,晴,晴,27,15,21,微风,微风
2011/9/26,晴,多云,26,16,21,微风,微风
2011/9/27,多云,多云,25,17,21,微风,微风
2011/9/28,小雨,多云,22,16,19,微风,北风 3-4级
2011/9/29,晴,晴,22,11,16.5,北风 3-4级,微风
2011/9/30,晴,晴,21,10,15.5,微风,微风
2011/10/1,晴,晴,21,10,15.5,微风,微风
2011/10/2,晴,晴,21,7,14,微风,微风
2011/10/3,晴,晴,21,8,14.5,无持续风向 微风,无持续风向 微风
2011/10/4,多云,多云,21,12,16.5,微风,微风
2011/10/5,晴,晴,25,10,17.5,微风,微风
2011/10/6,晴,晴,24,10,17,微风,微风
2011/10/7,晴,晴,25,11,18,微风,微风
2011/10/8,多云,多云,24,15,19.5,微风,微风
2011/10/9,多云,雾,23,15,19,微风,微风
2011/10/10,晴,多云,22,13,17.5,微风,微风
2011/10/11,多云,多云,21,14,17.5,微风,微风
2011/10/12,阴,小到中雨,20,14,17,微风,微风
2011/10/13,阵雨,多云,20,11,15.5,微风,微风
2011/10/14,多云,多云,19,10,14.5,北风 3-4级,北风 3-4级
2011/10/15,晴,晴,20,10,15,北风 4-5级,北风 3-4级
2011/10/16,晴,晴,22,7,14.5,微风,微风
2011/10/17,晴,晴,20,8,14,微风,微风
2011/10/18,晴,晴,21,10,15.5,微风,微风
2011/10/19,多云,多云,19,12,15.5,微风,微风
2011/10/20,雾,雾,20,12,16,微风,微风
2011/10/21,雾,雾,17,11,14,微风,微风
2011/10/22,晴,阵雨,20,13,16.5,微风,微风
2011/10/23,阵雨,多云,16,5,10.5,北风 4-5级,北风 4-5级
2011/10/24,晴,晴,15,2,8.5,北风 3-4级,微风
2011/10/25,晴,多云,16,4,10,微风,微风
2011/10/26,小雨,阴,13,5,9,微风,微风
2011/10/27,晴,晴,16,5,10.5,微风,微风
2011/10/28,晴,多云,16,6,11,微风,微风
2011/10/29,晴,雾,18,6,12,微风,微风
2011/10/30,多云,雾,17,7,12,微风,微风
2011/10/31,多云,小雨,15,10,12.5,微风,微风
2011/11/1,小雨,阴,15,8,11.5,微风,微风
2011/11/2,晴,阴,16,9,12.5,微风,微风
2011/11/3,阴,小雨,14,9,11.5,微风,微风
2011/11/4,小雨,多云,14,9,11.5,微风,微风
2011/11/5,多云,阴,16,9,12.5,微风,微风
2011/11/6,多云,多云,15,7,11,微风,微风
2011/11/7,多云,阴,13,8,10.5,微风,微风
2011/11/8,阴,晴,13,3,8,微风,微风
2011/11/9,晴,晴,14,3,8.5,微风,微风
2011/11/10,晴,晴,16,3,9.5,微风,微风
2011/11/11,多云,阴,14,7,10.5,微风,微风
2011/11/12,晴,晴,15,2,8.5,北风 3-4级,北风 3-4级
2011/11/13,晴,晴,12,0,6,微风,微风
2011/11/14,晴,晴,13,1,7,微风,微风
2011/11/15,晴,雾,12,3,7.5,微风,微风
2011/11/16,阴,小雨,10,6,8,微风,微风
2011/11/17,小雨,多云,8,3,5.5,微风,微风
2011/11/18,多云,阴,12,3,7.5,微风,北风 3-4级
2011/11/19,晴,晴,9,-3,3,北风 3-4级,微风
2011/11/20,晴,晴,9,-3,3,微风,微风
2011/11/21,晴,阴,9,1,5,微风,微风
2011/11/22,阴,晴,10,-2,4,北风 4-5级,北风 4-5级
2011/11/23,晴,晴,7,-5,1,微风,微风
2011/11/24,晴,多云,8,-3,2.5,微风,微风
2011/11/25,晴,多云,6,0,3,微风,微风
2011/11/26,多云,多云,9,-1,4,微风,微风
2011/11/27,晴,多云,7,0,3.5,微风,微风
2011/11/28,阴,阴,5,0,2.5,微风,微风
2011/11/29,阴,阴,4,-3,0.5,微风,微风
2011/11/30,晴,晴,5,-5,0,微风,微风
2011/12/1,晴,阴,4,-2,1,微风,微风
2011/12/2,阴,阴,4,-4,0,微风,微风
2011/12/3,雾,晴,4,-5,-0.5,微风,微风
2011/12/4,晴,雾,5,-3,1,微风,微风
2011/12/5,小雪,小雪,2,-2,0,微风,微风
2011/12/6,雨夹雪,小雪,1,-1,0,微风,北风 3-4级
2011/12/7,阴,晴,4,-6,-1,北风 3-4级,北风 3-4级
2011/12/8,晴,晴,0,-8,-4,北风 3-4级,微风
2011/12/9,晴,晴,1,-5,-2,微风,北风 3-4级
2011/12/10,晴,晴,5,-5,0,北风 3-4级,微风
2011/12/11,晴,晴,7,-4,1.5,微风,微风
2011/12/12,晴,多云,7,-3,2,微风,微风
2011/12/13,多云,晴,5,-4,0.5,微风,北风 3-4级
2011/12/14,晴,晴,2,-6,-2,北风 4-5级,北风 3-4级
2011/12/15,晴,晴,0,-8,-4,北风 4-5级,北风 4-5级
2011/12/16,晴,晴,1,-8,-3.5,微风,微风
2011/12/17,晴,晴,3,-9,-3,微风,微风
2011/12/18,晴,多云,2,-7,-2.5,微风,微风
2011/12/19,多云,多云,2,-5,-1.5,微风,微风
2011/12/20,晴,多云,2,-4,-1,微风,北风 3-4级
2011/12/21,晴,晴,2,-6,-2,北风 4-5级,北风 3-4级
2011/12/22,晴,晴,2,-7,-2.5,微风,微风
2011/12/23,晴,晴,3,-5,-1,微风,微风
2011/12/24,晴,晴,3,-6,-1.5,微风,微风
2011/12/25,晴,晴,4,-7,-1.5,微风,微风
2011/12/26,晴,多云,2,-5,-1.5,微风,微风
2011/12/27,多云,多云,3,-5,-1,微风,微风
2011/12/28,晴,晴,5,-7,-1,微风,微风
2011/12/29,小雪,小雪,-2,-5,-3.5, 微风,微风
2011/12/30,阴,阴,1,-5,-2,微风,微风
2011/12/31,多云,晴,4,-7,-1.5,微风,微风
2012/1/1,多云,阴,1,-4,-1.5,微风,微风
2012/1/2,多云,晴,2,-6,-2,北风 4-5级,北风 4-5级
2012/1/3,晴,晴,1,-8,-3.5,北风 3-4级,微风
2012/1/4,晴,晴,1,-10,-4.5,微风,微风
2012/1/5,晴,阴,2,-8,-3,微风,微风
2012/1/6,多云,小雪,0,-6,-3,微风,微风
2012/1/7,小雪,阴,-1,-6,-3.5,微风,微风
2012/1/8,多云,晴,2,-8,-3,微风,微风
2012/1/9,晴,晴,2,-7,-2.5,微风,微风
2012/1/10,晴,晴,3,-8,-2.5,北风 3-4级,微风
2012/1/11,晴,晴,2,-10,-4,微风,微风
2012/1/12,晴,晴,3,-8,-2.5,微风,微风
2012/1/13,晴,晴,4,-7,-1.5,微风,微风
2012/1/14,晴,晴,4,-7,-1.5,微风,微风
2012/1/15,晴,多云,3,-6,-1.5,微风,微风
2012/1/16,多云,雾,2,-5,-1.5,微风,微风
2012/1/17,阴,多云,2,-4,-1,微风,微风
2012/1/18,多云,雾,2,-3,-0.5,微风,微风
2012/1/19,小雪,小雪,0,-4,-2,微风,微风
2012/1/20,阴,多云,-1,-9,-5,微风,微风
2012/1/21,多云,晴,-3,-12,-7.5,北风 3-4级,微风
2012/1/22,晴,晴,-4,-13,-8.5,微风,微风
2012/1/23,晴,晴,-1,-11,-6,微风,微风
2012/1/24,晴,晴,0,-11,-5.5,微风,微风
2012/1/25,晴,晴,1,-11,-5,微风,微风
2012/1/26,晴,晴,2,-9,-3.5,微风,微风
2012/1/27,晴,阴,2,-8,-3,微风,微风
2012/1/28,小雪,阴,-1,-9,-5,微风,微风
2012/1/29,晴,多云,-1,-9,-5,微风,微风
2012/1/30,小雪,多云,-2,-8,-5,微风,微风
2012/1/31,多云,晴,0,-11,-5.5,北风 3-4级,北风 3-4级
2012/2/1,晴,晴,-3,-12,-7.5,北风 3-4级,微风
2012/2/2,晴,晴,-1,-11,-6,微风,微风
2012/2/3,晴,晴,2,-9,-3.5,微风,微风
2012/2/4,晴,多云,3,-6,-1.5,微风,微风
2012/2/5,多云,多云,3,-6,-1.5,微风,北风 4-5级
2012/2/6,晴,晴,-3,-11,-7,北风 5-6级,北风 4-5级
2012/2/7,晴,晴,-1,-10,-5.5,北风 3-4级,北风 3-4级
2012/2/8,晴,晴,2,-8,-3,北风 3-4级,微风
2012/2/9,晴,多云,4,-8,-2,微风,微风
2012/2/10,晴,晴,3,-8,-2.5,微风,微风
2012/2/11,晴,晴,5,-6,-0.5,微风,微风
2012/2/12,多云,多云,5,-4,0.5,微风,微风
2012/2/13,多云,阴,5,-3,1,微风,北风 3-4级
2012/2/14,晴,多云,4,-6,-1,北风 3-4级,微风
2012/2/15,晴,晴,4,-5,-0.5,微风,北风 3-4级
2012/2/16,晴,晴,2,-7,-2.5,北风 3-4级,北风 3-4级
2012/2/17,晴,晴,2,-7,-2.5,微风,微风
2012/2/18,晴,晴,4,-7,-1.5,微风,微风
2012/2/19,晴,晴,6,-5,0.5,微风,微风
2012/2/20,晴,多云,8,-4,2,微风,微风
2012/2/21,多云,多云,5,-2,1.5,微风,微风
2012/2/22,阴,晴,7,-2,2.5,北风 3-4级,北风 3-4级
2012/2/23,晴,阴,5,-2,1.5,微风,微风
2012/2/24,阴,多云,5,-4,0.5,北风 3-4级,微风
2012/2/25,晴,多云,4,-5,-0.5,微风,微风
2012/2/26,晴,晴,6,-5,0.5,微风,微风
2012/2/27,晴,晴,7,-3,2,微风,微风
2012/2/28,多云,多云,6,-1,2.5,微风,微风
2012/2/29,多云,多云,8,0,4,微风,微风
2012/3/1,雨夹雪,雨夹雪,3,-2,0.5,微风,微风
2012/3/2,小雪,阴,5,-1,2,微风,微风
2012/3/3,阴,阴,4,-2,1,微风,微风
2012/3/4,阴,阴,5,-1,2,微风,微风
2012/3/5,雨夹雪,多云,5,0,2.5,微风,微风
2012/3/6,晴,晴,10,-2,4,微风,微风
2012/3/7,晴,晴,10,-2,4,微风,微风
2012/3/8,晴,多云,6,-5,0.5,微风,微风
2012/3/9,阴,多云,6,-3,1.5,微风,微风
2012/3/10,晴,晴,6,-4,1,北风 3-4级,北风 3-4级
2012/3/11,晴,晴,6,-6,0,微风,微风
2012/3/12,晴,晴,9,-3,3,微风,微风
2012/3/13,晴,晴,13,-1,6,微风,微风
2012/3/14,晴,晴,13,0,6.5,微风,微风
2012/3/15,晴,小雨,10,4,7,微风,微风
2012/3/16,阴,多云,14,4,9,微风,微风
2012/3/17,雾,小雨,12,0,6,微风,微风
2012/3/18,阴,多云,6,-2,2,北风 3-4级,微风
2012/3/19,多云,阴,7,-1,3,微风,微风
2012/3/20,多云,多云,12,2,7,微风,微风
2012/3/21,多云,小雨,12,5,8.5,微风,微风
2012/3/22,小雨,小雨,7,3,5,微风,北风 3-4级
2012/3/23,阴,晴,12,2,7,北风 5-6级,西北风 4-5级
2012/3/24,晴,晴,14,1,7.5,北风 3-4级,微风
2012/3/25,晴,晴,15,2,8.5,微风,微风
2012/3/26,晴,晴,15,1,8,微风,微风
2012/3/27,晴,晴,20,6,13,微风,微风
2012/3/28,多云,小雨,20,10,15,微风,微风
2012/3/29,阴,多云,19,6,12.5,北风 5-6级,北风 5-6级
2012/3/30,晴,多云,13,3,8,北风 5-6级,北风 4-5级
2012/3/31,晴,多云,17,1,9,微风,微风
2012/4/1,多云,小雨,12,5,8.5,微风,微风
2012/4/2,阵雨,多云,11,5,8,北风 5-6级,北风 5-6级
2012/4/3,晴,浮尘,18,4,11,北风 4-5级,微风
2012/4/4,晴,晴,19,7,13,西北风 4-5级,北风 4-5级
2012/4/5,晴,多云,17,4,10.5,北风 4-5级,微风
2012/4/6,晴,晴,20,7,13.5,微风,微风
2012/4/7,多云,晴,24,10,17,微风,北风 3-4级
2012/4/8,晴,晴,22,8,15,微风,微风
2012/4/9,晴,多云,25,14,19.5,南风 3-4级,微风
2012/4/10,阵雨,阴,20,10,15,北风 3-4级,北风 4-5级
2012/4/11,晴,多云,20,9,14.5,北风 4-5级,微风
2012/4/12,晴,晴,23,10,16.5,微风,微风
2012/4/13,晴,晴,26,11,18.5,微风,微风
2012/4/14,多云,多云,28,14,21,南风 3-4级,微风
2012/4/15,多云,晴,27,9,18,北风 4-5级,北风 4-5级
2012/4/16,晴,晴,23,10,16.5,微风,微风
2012/4/17,晴,多云,28,14,21,南风 3-4级,南风 3-4级
2012/4/18,阴,阵雨,24,14,19,南风 3-4级,微风
2012/4/19,雷阵雨,雷阵雨,22,12,17,微风,微风
2012/4/20,多云,阵雨,23,11,17,微风,微风
2012/4/21,小雨,雾,18,11,14.5,微风,微风
2012/4/22,多云,雾,19,9,14,南风 3-4级,微风
2012/4/23,阴,中到大雨,25,14,19.5,微风,微风
2012/4/24,中雨,小雨,19,11,15,北风 3-4级,北风 3-4级
2012/4/25,晴,晴,21,6,13.5,北风 4-5级,北风 3-4级
2012/4/26,晴,多云,24,13,18.5,微风,北风 3-4级
2012/4/27,晴,晴,23,12,17.5,北风 4-5级,北风 4-5级
2012/4/28,多云,晴,22,10,16,微风,微风
2012/4/29,多云,浮尘,21,12,16.5,微风,微风
2012/4/30,阴,阵雨,24,16,20,微风,微风
2012/5/1,阴,阴,22,14,18,微风,微风
2012/5/2,晴,晴,30,16,23,微风,微风
2012/5/3,晴,晴,31,18,24.5,微风,微风
2012/5/4,多云,多云,32,17,24.5,微风,微风
2012/5/5,晴,晴,31,15,23,微风,微风
2012/5/6,晴,多云,31,18,24.5,微风,微风
2012/5/7,晴,阵雨,25,14,19.5,微风,微风
2012/5/8,晴,晴,30,16,23,微风,微风
2012/5/9,阴,阴,29,17,23,微风,微风
2012/5/10,晴,阵雨,30,18,24,微风,微风
2012/5/11,小到中雨,小到中雨,23,16,19.5,微风,微风
2012/5/12,阵雨,晴,25,12,18.5,北风 3-4级,微风
2012/5/13,阴,多云,26,15,20.5,微风,微风
2012/5/14,晴,多云,25,13,19,北风 4-5级,北风 3-4级
2012/5/15,晴,多云,27,14,20.5,微风,北风 3-4级
2012/5/16,晴,晴,27,15,21,北风 3-4级,北风 3-4级
2012/5/17,晴,晴,30,16,23,微风,微风
2012/5/18,晴,雷阵雨,32,18,25,南风 3-4级,微风
2012/5/19,雷阵雨,雷阵雨,30,18,24,微风,微风
2012/5/20,雷阵雨,多云,27,17,22,微风,微风
2012/5/21,阴,阴,28,20,24,微风,微风
2012/5/22,阴,多云,27,17,22,微风,微风
2012/5/23,晴,多云,28,18,23,微风,微风
2012/5/24,晴,多云,29,16,22.5,微风,微风
2012/5/25,晴,阴,28,15,21.5,微风,微风
2012/5/26,晴,晴,33,19,26,微风,微风
2012/5/27,晴,晴,34,20,27,微风,微风
2012/5/28,晴,阴,33,22,27.5,南风 3-4级,微风
2012/5/29,雷阵雨,阴,27,15,21,微风,微风
2012/5/30,晴,多云,27,14,20.5,微风,微风
2012/5/31,阴,雷阵雨,27,17,22,微风,微风
2012/6/1,阴,雷阵雨,24,16,20,微风,微风
2012/6/2,多云,雷阵雨,28,17,22.5,微风,微风
2012/6/3,中雨,阴,25,16,20.5,微风,微风
2012/6/4,晴,多云,32,19,25.5,微风,微风
2012/6/5,多云,多云,32,20,26,微风,微风
2012/6/6,阴,雷阵雨,31,20,25.5,微风,微风
2012/6/7,多云,雷阵雨,32,21,26.5,微风,微风
2012/6/8,多云,多云,33,22,27.5,微风,微风
2012/6/9,雷阵雨,雷阵雨,32,18,25,微风,微风
2012/6/10,多云,晴,29,15,22,北风 3-4级,微风
2012/6/11,晴,多云,32,18,25,微风,微风
2012/6/12,阴,阴,29,18,23.5,微风,微风
2012/6/13,雷阵雨,雷阵雨,26,17,21.5,微风,微风
2012/6/14,多云,阴,27,17,22,微风,微风
2012/6/15,多云,多云,29,17,23,微风,微风
2012/6/16,晴,晴,34,22,28,微风,微风
2012/6/17,晴,晴,38,24,31,微风,微风
2012/6/18,多云,多云,37,23,30,微风,微风
2012/6/19,多云,阴,33,23,28,微风,微风
2012/6/20,阴,阴,32,22,27,微风,微风
2012/6/21,多云,阴,32,22,27,微风,微风
2012/6/22,阴,阴,31,22,26.5,微风,微风
2012/6/23,多云,雷阵雨,30,22,26,微风,微风
2012/6/24,中雨,雷阵雨,26,20,23,微风,微风
2012/6/25,阴,雾,28,22,25,微风,微风
2012/6/26,阵雨,阴,26,22,24,微风,微风
2012/6/27,多云,阵雨,27,21,24,微风,微风
2012/6/28,中雨,中雨,25,20,22.5,微风,微风
2012/6/29,小雨,多云,26,19,22.5,微风,微风
2012/6/30,晴,晴,33,22,27.5,微风,微风
2012/7/1,雷阵雨,多云,35,23,29,微风,微风
2012/7/2,晴,晴,35,23,29,微风,微风
2012/7/3,晴,多云,35,24,29.5,微风,微风
2012/7/4,雷阵雨,小到中雨,30,22,26,微风,微风
2012/7/5,阴,阴,31,22,26.5,微风,微风
2012/7/6,多云,雷阵雨,32,22,27,微风,微风
2012/7/7,雷阵雨,雷阵雨,28,23,25.5,微风,微风
2012/7/8,小雨,雷阵雨,30,24,27,微风,微风
2012/7/9,阴,中雨,30,22,26,微风,微风
2012/7/10,雷阵雨,雷阵雨,31,23,27,微风,微风
2012/7/11,晴,雷阵雨,34,23,28.5,微风,微风
2012/7/12,雷阵雨,阵雨,32,22,27,微风,微风
2012/7/13,多云,阴,30,22,26,微风,微风
2012/7/14,多云,多云,31,21,26,微风,微风
2012/7/15,晴,晴,33,22,27.5,微风,微风
2012/7/16,晴,晴,34,23,28.5,微风,微风
2012/7/17,晴,晴,34,23,28.5,微风,微风
2012/7/18,多云,多云,32,23,27.5,微风,微风
2012/7/19,多云,多云,32,25,28.5,微风,微风
2012/7/20,多云,多云,33,26,29.5,微风,微风
2012/7/21,中雨,暴雨,30,23,26.5,微风,微风
2012/7/22,多云,晴,33,22,27.5,微风,微风
2012/7/23,晴,多云,33,24,28.5,微风,微风
2012/7/24,阴,阴,30,24,27,微风,微风
2012/7/25,小到中雨,中到大雨,29,23,26,微风,微风
2012/7/26,雷阵雨,阵雨,28,24,26,微风,微风
2012/7/27,雷阵雨,中雨,28,24,26,微风,微风
2012/7/28,大雨,中雨,27,23,25,微风,微风
2012/7/29,晴,晴,34,23,28.5,微风,微风
2012/7/30,多云,中雨,31,22,26.5,微风,微风
2012/7/31,中雨,小雨,25,19,22,微风,微风
2012/8/1,小雨,阴,24,21,22.5,微风,微风
2012/8/2,晴,多云,29,23,26,微风,微风
2012/8/3,阴,阴,28,23,25.5,微风,微风
2012/8/4,晴,阴,32,23,27.5,微风,微风
2012/8/5,阴,多云,31,24,27.5,微风,微风
2012/8/6,晴,多云,32,24,28,微风,微风
2012/8/7,晴,雷阵雨,32,25,28.5,微风,微风
2012/8/8,雷阵雨,阴,29,24,26.5,微风,微风
2012/8/9,晴,晴,34,22,28,微风,微风
2012/8/10,晴,多云,33,24,28.5,微风,微风
2012/8/11,阴,阵雨,29,23,26,微风,微风
2012/8/12,阵雨,多云,28,21,24.5,微风,微风
2012/8/13,晴,多云,30,22,26,微风,微风
2012/8/14,阴,阵雨,27,19,23,微风,微风
2012/8/15,晴,晴,31,20,25.5,微风,微风
2012/8/16,晴,多云,31,22,26.5,微风,微风
2012/8/17,阴,阵雨,29,22,25.5,微风,微风
2012/8/18,阴,阴,28,22,25,微风,微风
2012/8/19,晴,多云,31,22,26.5,微风,微风
2012/8/20,阴,阵雨,30,21,25.5,微风,北风 3-4级
2012/8/21,晴,晴,29,17,23,北风 3-4级,北风 3-4级
2012/8/22,晴,晴,28,16,22,微风,微风
2012/8/23,晴,晴,30,18,24,微风,微风
2012/8/24,晴,晴,29,18,23.5,微风,微风
2012/8/25,晴,晴,30,19,24.5,微风,微风
2012/8/26,多云,阵雨,29,22,25.5,微风,微风
2012/8/27,阵雨,雷阵雨,27,21,24,微风,微风
2012/8/28,多云,晴,33,22,27.5,微风,微风
2012/8/29,晴,晴,34,22,28,微风,微风
2012/8/30,晴,多云,34,24,29,微风,微风
2012/8/31,雷阵雨,阴,31,24,27.5,微风,微风
2012/9/1,雷阵雨,大到暴雨,29,20,24.5,微风,微风
2012/9/2,小到中雨,多云,26,17,21.5,北风 4-5级,北风 3-4级
2012/9/3,晴,晴,26,15,20.5,微风,微风
2012/9/4,晴,晴,26,14,20,微风,微风
2012/9/5,晴,晴,27,15,21,微风,微风
2012/9/6,阵雨,阵雨,24,17,20.5,微风,微风
2012/9/7,阴,多云,25,18,21.5,微风,微风
2012/9/8,晴,晴,27,17,22,微风,微风
2012/9/9,晴,晴,29,19,24,微风,微风
2012/9/10,多云,阴,27,20,23.5,微风,微风
2012/9/11,小到中雨,小到中雨,25,17,21,微风,北风 3-4级
2012/9/12,多云,晴,24,14,19,北风 4-5级,北风 3-4级
2012/9/13,阴,阴,24,11,17.5,微风,微风
2012/9/14,晴,晴,25,12,18.5,微风,微风
2012/9/15,晴,晴,26,13,19.5,微风,微风
2012/9/16,晴,晴,27,15,21,微风,微风
2012/9/17,晴,晴,28,15,21.5,微风,微风
2012/9/18,晴,晴,29,14,21.5,微风,微风
2012/9/19,多云,晴,28,15,21.5,微风,微风
2012/9/20,晴,多云,29,18,23.5,微风,微风
2012/9/21,阵雨,阵雨,25,16,20.5,微风,微风
2012/9/22,阴,晴,26,16,21,微风,微风
2012/9/23,晴,晴,28,16,22,微风,微风
2012/9/24,多云,阴,26,17,21.5,微风,微风
2012/9/25,小到中雨,小雨,22,14,18,微风,微风
2012/9/26,晴,阴,26,15,20.5,微风,微风
2012/9/27,阵雨,多云,23,13,18,北风 5-6级,北风 5-6级
2012/9/28,晴,晴,22,11,16.5,北风 5-6级,北风 3-4级
2012/9/29,晴,晴,25,10,17.5,微风,微风
2012/9/30,晴,晴,25,11,18,微风,微风
2012/10/1,晴,晴,27,12,19.5,微风,微风
2012/10/2,晴,阴,25,15,20,微风,微风
2012/10/3,晴,晴,26,13,19.5,北风 3-4级,微风
2012/10/4,晴,阵雨,24,14,19,微风,微风
2012/10/5,多云,晴,24,10,17,微风,微风
2012/10/6,晴,晴,25,11,18,微风,微风
2012/10/7,晴,晴,25,12,18.5,微风,微风
2012/10/8,阴,阵雨,25,13,19,微风,微风
2012/10/9,多云,晴,23,10,16.5,北风 3-4级,西北风 3-4级
2012/10/10,晴,晴,22,8,15,微风,微风
2012/10/11,晴,晴,22,10,16,微风,微风
2012/10/12,晴,晴,24,12,18,微风,北风 3-4级
2012/10/13,晴,晴,20,7,13.5,北风 3-4级,微风
2012/10/14,晴,多云,18,8,13,微风,微风
2012/10/15,阵雨,小到中雨,17,10,13.5,微风,微风
2012/10/16,小雨,晴,17,5,11,北风 5-6级,北风 5-6级
2012/10/17,晴,晴,18,4,11,微风,微风
2012/10/18,晴,多云,20,7,13.5,微风,微风
2012/10/19,晴,晴,20,9,14.5,微风,微风
2012/10/20,多云,阴,21,9,15,微风,微风
2012/10/21,中雨,阴,14,8,11,微风,北风 4-5级
2012/10/22,晴,晴,18,3,10.5,北风 4-5级,微风
2012/10/23,晴,晴,21,6,13.5,微风,微风
2012/10/24,晴,晴,22,7,14.5,微风,微风
2012/10/25,晴,多云,21,9,15,微风,微风
2012/10/26,阴,阴,18,11,14.5,微风,微风
2012/10/27,晴,晴,23,6,14.5,北风 4-5级,微风
2012/10/28,晴,阴,17,7,12,微风,微风
2012/10/29,阴,晴,15,2,8.5,北风 3-4级,北风 3-4级
2012/10/30,多云,多云,13,2,7.5,微风,北风 3-4级
2012/10/31,晴,晴,14,1,7.5,微风,微风
2012/11/1,晴,晴,15,3,9,微风,微风
2012/11/2,多云,阴,15,6,10.5,微风,微风
2012/11/3,中雨,中到大雨,10,1,5.5,微风,北风 4-5级
2012/11/4,雨夹雪,雨夹雪,4,0,2,北风 4-5级,北风 3-4级
2012/11/5,多云,晴,10,-2,4,北风 3-4级,微风
2012/11/6,晴,晴,12,-1,5.5,微风,微风
2012/11/7,多云,多云,12,-1,5.5,北风 3-4级,微风
2012/11/8,晴,晴,12,1,6.5,微风,微风
2012/11/9,阴,小雨,10,3,6.5,微风,微风
2012/11/10,小到中雨,阴,4,0,2,微风,北风 5-6级
2012/11/11,晴,晴,6,-2,2,北风 5-6级,北风 4-5级
2012/11/12,晴,晴,8,-2,3,北风 3-4级,北风 3-4级
2012/11/13,晴,晴,7,-3,2,北风 4-5级,北风 3-4级
2012/11/14,晴,晴,10,-4,3,微风,微风
2012/11/15,晴,雨夹雪,7,1,4,微风,微风
2012/11/16,阴,晴,11,-2,4.5,北风 3-4级,微风
2012/11/17,晴,多云,10,-1,4.5,微风,微风
2012/11/18,多云,晴,11,2,6.5,北风 3-4级,北风 3-4级
2012/11/19,晴,晴,10,-2,4,微风,微风
2012/11/20,晴,多云,10,-1,4.5,微风,微风
2012/11/21,多云,阴,9,2,5.5,微风,北风 3-4级
2012/11/22,阴,多云,8,-3,2.5,北风 5-6级,北风 4-5级
2012/11/23,晴,晴,6,-5,0.5,微风,微风
2012/11/24,晴,多云,7,-3,2,微风,微风
2012/11/25,多云,晴,8,-2,3,北风 3-4级,北风 4-5级
2012/11/26,晴,晴,6,-4,1,北风 3-4级,微风
2012/11/27,阴,多云,6,-2,2,微风,北风 4-5级
2012/11/28,晴,晴,5,-6,-0.5,北风 4-5级,微风
2012/11/29,多云,晴,4,-4,0,微风,北风 3-4级
2012/11/30,晴,多云,3,-7,-2,北风 3-4级,微风
2012/12/1,阴,多云,1,-6,-2.5,微风,微风
2012/12/2,阴,雾,2,-4,-1,微风,北风 5-6级
2012/12/3,晴,晴,3,-7,-2,北风 5-6级,微风
2012/12/4,阴,多云,1,-5,-2,微风,北风 4-5级
2012/12/5,晴,晴,-1,-9,-5,北风 4-5级,微风
2012/12/6,多云,多云,-1,-8,-4.5,微风,微风
2012/12/7,多云,晴,-1,-9,-5,北风 3-4级,北风 4-5级
2012/12/8,晴,晴,-3,-10,-6.5,北风 5-6级,北风 4-5级
2012/12/9,晴,晴,2,-8,-3,微风,微风
2012/12/10,阴,阴,0,-8,-4,微风,微风
2012/12/11,多云,雾,0,-6,-3,微风,微风
2012/12/12,阴,雾,2,-4,-1,微风,微风
2012/12/13,小雪,中雪,1,-3,-1,微风,微风
2012/12/14,小到中雪,雾,1,-3,-1,微风,微风
2012/12/15,雾,小雪,2,-3,-0.5,微风,微风
2012/12/16,多云,小雪,2,-4,-1,微风,微风
2012/12/17,晴,晴,-1,-10,-5.5,北风 5-6级,北风 3-4级
2012/12/18,晴,阴,0,-7,-3.5,微风,微风
2012/12/19,晴,多云,-1,-6,-3.5,微风,微风
2012/12/20,小雪,小雪,-2,-5,-3.5,微风,微风
2012/12/21,阴,多云,1,-9,-4,微风,北风 3-4级
2012/12/22,霾,霾,6,-5,0.5,微风,微风
2012/12/23,晴,晴,-5,-15,-10,北风 3-4级,微风
2012/12/24,晴,晴,-2,-11,-6.5,北风 3-4级,北风 4-5级
2012/12/25,晴,晴,-2,-11,-6.5,微风,微风
2012/12/26,晴,晴,-2,-10,-6,微风,微风
2012/12/27,多云,阴,-3,-9,-6,微风,微风
2012/12/28,小雪,小雪,-4,-8,-6,微风,西北风 5-6级
2012/12/29,多云,晴,-4,-9,-6.5,西北风 5-6级,北风 4-5级
2012/12/30,晴,晴,-2,-11,-6.5,微风,微风
2012/12/31,晴,多云,-3,-9,-6,微风,北风 3-4级
2013/1/1,晴,晴,-3,-12,-7.5,北风 4-5级,北风 4-5级
2013/1/2,晴,晴,-6,-14,-10,北风 4-5级,北风 3-4级
2013/1/3,晴,晴,-4,-13,-8.5,微风,微风
2013/1/4,晴,晴,-1,-11,-6,微风,微风
2013/1/5,晴,晴,-2,-12,-7,微风,微风
2013/1/6,晴,晴,-1,-11,-6,微风,微风
2013/1/7,多云,晴,0,-9,-4.5,微风,微风
2013/1/8,晴,晴,-1,-11,-6,微风,北风 3-4级
2013/1/9,晴,晴,0,-11,-5.5,微风,微风
2013/1/10,晴,阴,0,-9,-4.5,微风,微风
2013/1/11,阴,雾,4,-7,-1.5,北风 3-4级,微风
2013/1/12,晴,雾,2,-7,-2.5,微风,微风
2013/1/13,雾,雾,2,-7,-2.5,微风,微风
2013/1/14,雾,小雪,0,-5,-2.5,微风,微风
2013/1/15,多云,多云,1,-7,-3,微风,微风
2013/1/16,晴,晴,1,-9,-4,微风,微风
2013/1/17,晴,晴,2,-8,-3,微风,微风
2013/1/18,晴,晴,3,-7,-2,微风,微风
2013/1/19,雾,中雪,2,-4,-1,微风,微风
2013/1/20,中雪,小雪,-2,-6,-4,微风,微风
2013/1/21,多云,晴,3,-7,-2,微风,微风
2013/1/22,晴,雾,2,-7,-2.5,微风,微风
2013/1/23,雾,晴,1,-6,-2.5,微风,北风 4-5级
2013/1/24,晴,晴,3,-9,-3,北风 3-4级,微风
2013/1/25,晴,晴,-1,-8,-4.5,微风,微风
2013/1/26,晴,晴,1,-8,-3.5,微风,微风
2013/1/27,晴,雾,2,-6,-2,微风,微风
2013/1/28,雾,雾,4,-5,-0.5,微风,微风
2013/1/29,雾,雾,3,-4,-0.5,微风,微风
2013/1/30,雾,小雪,0,-3,-1.5,微风,微风
2013/1/31,小雪,小雪,0,-3,-1.5,微风,北风 3-4级
2013/2/1,晴,晴,4,-8,-2,北风 3-4级,微风
2013/2/2,晴,小雪,2,-6,-2,微风,微风
2013/2/3,小雪,雾,0,-5,-2.5,微风,北风 3-4级
2013/2/4,晴,小雪,2,-7,-2.5,北风 3-4级,微风
2013/2/5,小雪,晴,2,-6,-2,微风,微风
2013/2/6,晴,晴,2,-11,-4.5,北风 4-5级,北风 5-6级
2013/2/7,晴,晴,-3,-12,-7.5,北风 3-4级,微风
2013/2/8,晴,多云,-2,-9,-5.5,微风,微风
2013/2/9,多云,多云,0,-6,-3,微风,微风
2013/2/10,多云,阴,-1,-6,-3.5,微风,微风
2013/2/11,小雪,小雪,-1,-6,-3.5,微风,微风
2013/2/12,晴,晴,2,-7,-2.5,北风 3-4级,微风
2013/2/13,晴,多云,6,-4,1,微风,微风
2013/2/14,阴,晴,4,-6,-1,微风,微风
2013/2/15,晴,多云,4,-6,-1,微风,微风
2013/2/16,多云,多云,4,-4,0,微风,微风
2013/2/17,多云,阴,7,-4,1.5,北风 4-5级,微风
2013/2/18,多云,晴,3,-8,-2.5,北风 3-4级,微风
2013/2/19,晴,多云,2,-7,-2.5,微风,微风
2013/2/20,晴,晴,5,-7,-1,微风,微风
2013/2/21,晴,晴,6,-3,1.5,微风,微风
2013/2/22,晴,晴,7,-4,1.5,微风,微风
2013/2/23,晴,多云,9,-2,3.5,微风,微风
2013/2/24,多云,小雪,6,-3,1.5,微风,微风
2013/2/25,小雪,阴,1,-5,-2,微风,微风
2013/2/26,晴,晴,9,-3,3,微风,微风
2013/2/27,阴,阴,11,2,6.5,微风,微风
2013/2/28,雾,晴,14,-3,5.5,北风 6-7级,北风 4-5级
2013/3/1,晴,晴,7,-5,1,北风 3-4级,微风
2013/3/2,多云,多云,7,-4,1.5,微风,微风
2013/3/3,晴,晴,13,1,7,微风,微风
2013/3/4,晴,晴,15,2,8.5,微风,微风
2013/3/5,晴,多云,16,4,10,微风,微风
2013/3/6,多云,晴,15,2,8.5,微风,微风
2013/3/7,多云,多云,16,4,10,微风,微风
2013/3/8,多云,阴,19,5,12,南风 3-4级,微风
2013/3/9,扬沙,晴,16,-2,7,北风 5-6级,北风 4-5级
2013/3/10,晴,晴,10,-2,4,微风,微风
2013/3/11,多云,小雨,13,4,8.5,微风,微风
2013/3/12,小雨,多云,9,-1,4,北风 3-4级,微风
2013/3/13,晴,晴,9,-2,3.5,微风,微风
2013/3/14,晴,晴,11,0,5.5,微风,微风
2013/3/15,晴,多云,13,3,8,微风,微风
2013/3/16,多云,小雨,14,5,9.5,微风,微风
2013/3/17,多云,-,19,6,12.5,微风,无持续风向
2013/3/18,多云,阴,11,2,6.5,北风 3-4级,微风
2013/3/19,中雪,小雪,4,-3,0.5,微风,微风
2013/3/20,多云,晴,8,0,4,微风,微风
2013/3/21,多云,多云,14,2,8,微风,北风 3-4级
2013/3/22,晴,晴,11,1,6,微风,南风 3-4级
2013/3/23,阴,晴,13,-1,6,北风 4-5级,北风 4-5级
2013/3/24,晴,晴,11,-2,4.5,微风,微风
2013/3/25,晴,晴,11,1,6,微风,微风
2013/3/26,晴,-,15,4,9.5,微风,无持续风向
2013/3/27,阴,晴,17,3,10,北风 3-4级,北风 3-4级
2013/3/28,多云,晴,11,-1,5,微风,微风
2013/3/29,阴,雨夹雪,11,1,6,微风,微风
2013/3/30,阴,多云,10,2,6,微风,微风
2013/3/31,阴,小雨,13,5,9,微风,北风 3-4级
2013/4/1,多云,晴,16,0,8,北风 4-5级,北风 3-4级
2013/4/2,晴,晴,19,5,12,微风,微风
2013/4/3,多云,多云,16,5,10.5,微风,微风
2013/4/4,小雨,小雨,13,6,9.5,微风,微风
2013/4/5,阴,晴,13,2,7.5,北风 4-5级,北风 3-4级
2013/4/6,晴,晴,14,2,8,微风,微风
2013/4/7,阴,阴,15,6,10.5,微风,北风 3-4级
2013/4/8,晴,多云,13,4,8.5,北风 5-6级,北风 4-5级
2013/4/9,多云,多云,13,4,8.5,北风 4-5级,北风 3-4级
2013/4/10,多云,晴,14,2,8,北风 3-4级,微风
2013/4/11,晴,晴,17,2,9.5,北风 3-4级,微风
2013/4/12,晴,多云,22,8,15,微风,微风
2013/4/13,多云,多云,23,6,14.5,北风 4-5级,北风 4-5级
2013/4/14,晴,晴,16,5,10.5,微风,微风
2013/4/15,晴,阴,20,7,13.5,南风 3-4级,北风 3-4级
2013/4/16,晴,晴,20,5,12.5,北风 3-4级,微风
2013/4/17,多云,多云,18,8,13,微风,北风 4-5级
2013/4/18,晴,阴,15,5,10,北风 3-4级,微风
2013/4/19,阴,阴,8,2,5,微风,微风
2013/4/20,晴,晴,16,5,10.5,微风,微风
2013/4/21,多云,多云,18,7,12.5,微风,微风
2013/4/22,多云,雾,19,9,14,南风 3-4级,微风
2013/4/23,阵雨,多云,17,8,12.5,微风,微风
2013/4/24,晴,多云,23,10,16.5,北风 3-4级,北风 3-4级
2013/4/25,晴,晴,23,8,15.5,北风 3-4级,微风
2013/4/26,多云,多云,23,9,16,微风,微风
2013/4/27,多云,阴,22,11,16.5,微风,微风
2013/4/28,阵雨,多云,19,11,15,微风,北风 3-4级
2013/4/29,晴,晴,27,13,20,北风 4-5级,北风 3-4级
2013/4/30,晴,晴,27,10,18.5,北风 3-4级,微风
2013/5/1,晴,多云,25,12,18.5,微风,微风
2013/5/2,多云,阴,23,11,17,南风 3-4级,微风
2013/5/3,阴,晴,23,12,17.5,微风,微风
2013/5/4,多云,晴,27,13,20,微风,微风
2013/5/5,晴,晴,30,16,23,微风,微风
2013/5/6,晴,-,30,17,23.5,微风,无持续风向
2013/5/7,多云,多云,30,17,23.5,南风 3-4级,微风
2013/5/8,阴,阵雨,26,16,21,南风 3-4级,微风
2013/5/9,阵雨,阴,22,14,18,微风,北风 3-4级
2013/5/10,晴,晴,30,14,22,北风 3-4级,微风
2013/5/11,多云,晴,33,16,24.5,北风 3-4级,微风
2013/5/12,晴,多云,30,16,23,微风,微风
2013/5/13,阴,多云,28,18,23,微风,北风 3-4级
2013/5/14,晴,晴,30,14,22,北风 3-4级,微风
2013/5/15,晴,多云,29,15,22,微风,微风
2013/5/16,多云,阴,25,16,20.5,微风,微风
2013/5/17,阴,晴,26,16,21,微风,微风
2013/5/18,多云,雷阵雨,29,17,23,南风 3-4级,微风
2013/5/19,晴,晴,27,14,20.5,北风 4-5级,北风 3-4级
2013/5/20,晴,多云,31,18,24.5,南风 3-4级,微风
2013/5/21,多云,阴,31,18,24.5,微风,微风
2013/5/22,多云,多云,28,17,22.5,南风 3-4级,微风
2013/5/23,多云,阴,29,19,24,南风 3-4级,微风
2013/5/24,阵雨,阴,28,17,22.5,微风,微风
2013/5/25,阴,阴,28,17,22.5,微风,微风
2013/5/26,小到中雨,小雨,23,17,20,微风,微风
2013/5/27,阴,阴,26,17,21.5,微风,微风
2013/5/28,阵雨,多云,24,17,20.5,微风,北风 3-4级
2013/5/29,晴,晴,30,15,22.5,微风,微风
2013/5/30,晴,晴,33,19,26,南风 3-4级,南风 3-4级
2013/5/31,多云,多云,32,19,25.5,微风,微风
2013/6/1,多云,多云,30,18,24,微风,微风
2013/6/2,雷阵雨,阵雨,29,18,23.5,微风,微风
2013/6/3,晴,多云,32,19,25.5,微风,微风
2013/6/4,阴,阵雨,29,18,23.5,微风,微风
2013/6/5,小雨,雾,28,19,23.5,微风,微风
2013/6/6,雾,小雨,23,19,21,微风,微风
2013/6/7,小雨,阵雨,24,19,21.5,微风,微风
2013/6/8,阵雨,中到大雨,23,18,20.5,微风,微风
2013/6/9,小到中雨,小雨,21,16,18.5,微风,微风
2013/6/10,阴,多云,25,15,20,微风,微风
2013/6/11,多云,多云,26,16,21,微风,微风
2013/6/12,晴,多云,29,17,23,微风,微风
2013/6/13,多云,多云,30,21,25.5,南风 3-4级,微风
2013/6/14,多云,多云,30,21,25.5,南风 3-4级,微风
2013/6/15,多云,多云,33,22,27.5,南风 3-4级,微风
2013/6/16,雷阵雨,小到中雨,29,20,24.5,微风,微风
2013/6/17,阴,多云,29,21,25,微风,微风
2013/6/18,阴,多云,33,22,27.5,微风,微风
2013/6/19,晴,晴,34,23,28.5,微风,微风
2013/6/20,多云,阴,32,23,27.5,微风,微风
2013/6/21,多云,阴,30,22,26,微风,微风
2013/6/22,小雨,阴,25,20,22.5,南风 3-4级,微风
2013/6/23,多云,多云,30,22,26,微风,微风
2013/6/24,雷阵雨,雷阵雨,31,22,26.5,微风,微风
2013/6/25,雷阵雨,雷阵雨,29,21,25,微风,微风
2013/6/26,雾,多云,29,22,25.5,微风,微风
2013/6/27,多云,晴,34,23,28.5,微风,微风
2013/6/28,多云,中到大雨,33,21,27,微风,微风
2013/6/29,阴,阵雨,30,22,26,微风,微风
2013/6/30,阵雨,雷阵雨,28,22,25,微风,微风
2013/7/1,中雨,大雨,28,20,24,微风,微风
2013/7/2,晴,晴,34,23,28.5,微风,微风
2013/7/3,晴,多云,36,24,30,微风,微风
2013/7/4,雷阵雨,阴,35,23,29,微风,微风
2013/7/5,晴,晴,35,23,29,微风,微风
2013/7/6,晴,多云,35,25,30,微风,微风
2013/7/7,雷阵雨,多云,33,24,28.5,微风,微风
2013/7/8,雷阵雨,大雨,31,22,26.5,微风,微风
2013/7/9,大雨,小到中雨,26,22,24,微风,微风
2013/7/10,阵雨,阵雨,27,21,24,微风,微风
2013/7/11,阵雨,阴,27,22,24.5,微风,微风
2013/7/12,多云,多云,31,22,26.5,微风,微风
2013/7/13,多云,多云,30,24,27,微风,微风
2013/7/14,阴,大雨,30,22,26,微风,微风
2013/7/15,中到大雨,阵雨,26,22,24,微风,微风
2013/7/16,晴,晴,34,21,27.5,微风,微风
2013/7/17,多云,多云,33,23,28,微风,微风
2013/7/18,雷阵雨,雷阵雨,28,22,25,微风,微风
2013/7/19,阴,晴,30,23,26.5,微风,微风
2013/7/20,雷阵雨,多云,31,23,27,微风,微风
2013/7/21,多云,多云,32,23,27.5,微风,微风
2013/7/22,多云,阴,31,23,27,微风,微风
2013/7/23,阴,晴,31,22,26.5,微风,微风
2013/7/24,晴,晴,36,24,30,微风,微风
2013/7/25,多云,多云,34,24,29,微风,微风
2013/7/26,中雨,阵雨,29,23,26,微风,微风
2013/7/27,阵雨,阴,28,23,25.5,微风,微风
2013/7/28,晴,晴,37,25,31,微风,微风
2013/7/29,雷阵雨,多云,33,24,28.5,微风,微风
2013/7/30,雷阵雨,雷阵雨,31,23,27,微风,微风
2013/7/31,雷阵雨,雷阵雨,28,22,25,微风,微风
2013/8/1,雷阵雨,中雨,30,23,26.5,微风,微风
2013/8/2,雷阵雨,雷阵雨,31,22,26.5,微风,微风
2013/8/3,阴,阴,33,24,28.5,微风,微风
2013/8/4,晴,雷阵雨,34,23,28.5,微风,微风
2013/8/5,雷阵雨,雷阵雨,30,23,26.5,微风,微风
2013/8/6,中雨,阴,29,23,26,微风,微风
2013/8/7,多云,晴,34,24,29,微风,微风
2013/8/8,晴,晴,36,24,30,微风,微风
2013/8/9,晴,阴,35,24,29.5,微风,微风
2013/8/10,中雨,大雨,31,23,27,微风,微风
2013/8/11,阵雨,多云,29,23,26,微风,微风
2013/8/12,阴,多云,30,24,27,微风,微风
2013/8/13,多云,多云,32,25,28.5,微风,微风
2013/8/14,多云,多云,33,25,29,微风,微风
2013/8/15,多云,雷阵雨,33,26,29.5,微风,微风
2013/8/16,雷阵雨,雷阵雨,33,26,29.5,微风,微风
2013/8/17,晴,晴,36,24,30,微风,微风
2013/8/18,晴,晴,35,22,28.5,微风,微风
2013/8/19,晴,晴,33,23,28,微风,微风
2013/8/20,阴,阵雨,30,23,26.5,微风,微风
2013/8/21,小雨,多云,29,22,25.5,微风,微风
2013/8/22,阴,多云,29,22,25.5,微风,微风
2013/8/23,多云,晴,32,22,27,微风,微风
2013/8/24,多云,晴,33,22,27.5,微风,微风
2013/8/25,晴,晴,34,21,27.5,微风,微风
2013/8/26,晴,晴,35,22,28.5,微风,微风
2013/8/27,小雨,中雨,28,22,25,微风,微风
2013/8/28,小雨,阴,28,22,25,微风,微风
2013/8/29,晴,多云,29,18,23.5,北风 4-5级,北风 3-4级
2013/8/30,多云,晴,26,16,21,微风,微风
2013/8/31,晴,晴,30,17,23.5,微风,微风
2013/9/1,多云,阴,30,18,24,微风,微风
2013/9/2,晴,晴,27,17,22,微风,微风
2013/9/3,多云,雷阵雨,27,18,22.5,微风,微风
2013/9/4,中雨,中雨,23,17,20,微风,微风
2013/9/5,多云,雷阵雨,25,17,21,微风,微风
2013/9/6,阴,多云,28,17,22.5,微风,微风
2013/9/7,晴,晴,29,18,23.5,微风,微风
2013/9/8,阴,雷阵雨,26,18,22,微风,微风
2013/9/9,阵雨,雷阵雨,26,18,22,微风,微风
2013/9/10,多云,晴,28,17,22.5,微风,微风
2013/9/11,晴,多云,28,18,23,微风,微风
2013/9/12,雷阵雨,雷阵雨,27,19,23,微风,微风
2013/9/13,多云,雷阵雨,28,18,23,微风,微风
2013/9/14,雾,晴,31,16,23.5,北风 3-4级,微风
2013/9/15,多云,多云,27,18,22.5,微风,微风
2013/9/16,阴,阵雨,25,18,21.5,微风,微风
2013/9/17,阵雨,中雨,24,18,21,微风,微风
2013/9/18,小雨,阵雨,24,18,21,微风,微风
2013/9/19,阵雨,多云,26,17,21.5,微风,微风
2013/9/20,多云,多云,27,18,22.5,微风,微风
2013/9/21,晴,多云,27,18,22.5,微风,微风
2013/9/22,阴,阵雨,24,18,21,微风,微风
2013/9/23,阴,多云,22,13,17.5,北风 4-5级,微风
2013/9/24,多云,晴,22,11,16.5,北风 3-4级,微风
2013/9/25,晴,晴,25,10,17.5,微风,微风
2013/9/26,晴,晴,26,12,19,微风,微风
2013/9/27,晴,多云,26,12,19,微风,微风
2013/9/28,雾,阴,23,14,18.5,微风,微风
2013/9/29,霾,雾,22,15,18.5,微风,微风
2013/9/30,阴,阵雨,21,17,19,微风,微风
2013/10/1,小到中雨,晴,20,11,15.5,北风 3-4级,北风 3-4级
2013/10/2,晴,晴,24,10,17,微风,微风
2013/10/3,晴,晴,22,11,16.5,微风,微风
2013/10/4,晴,晴,24,13,18.5,微风,微风
2013/10/5,-,雾,23,13,18,无持续风向 ,微风
2013/10/6,-,-,21,14,17.5,无持续风向 ,无持续风向
2013/10/7,多云,阵雨,24,13,18.5,微风,微风
2013/10/8,多云,晴,21,13,17,微风,微风
2013/10/9,多云,阴,24,14,19,微风,微风
2013/10/10,多云,晴,23,9,16,北风 5-6级,北风 3-4级
2013/10/11,晴,晴,23,11,17,微风,微风
2013/10/12,多云,阵雨,23,14,18.5,微风,微风
2013/10/13,小雨,小雨,19,12,15.5,微风,微风
2013/10/14,阴,多云,15,4,9.5,北风 4-5级,北风 3-4级
2013/10/15,晴,晴,16,3,9.5,微风,微风
2013/10/16,晴,晴,18,6,12,微风,微风
2013/10/17,晴,晴,20,7,13.5,微风,微风
2013/10/18,多云,阵雨,17,9,13,微风,北风 3-4级
2013/10/19,多云,晴,18,4,11,北风 3-4级,北风 3-4级
2013/10/20,晴,多云,19,7,13,微风,微风
2013/10/21,多云,多云,18,7,12.5,微风,微风
2013/10/22,阵雨,阴,16,5,10.5,北风 3-4级,北风 3-4级
2013/10/23,晴,晴,15,4,9.5,北风 3-4级,北风 3-4级
2013/10/24,晴,晴,16,4,10,北风 3-4级,微风
2013/10/25,晴,晴,18,4,11,微风,微风
2013/10/26,晴,晴,19,5,12,微风,微风
2013/10/27,晴,-,18,7,12.5,微风,无持续风向
2013/10/28,霾,阵雨,16,7,11.5,微风,微风
2013/10/29,晴,晴,16,2,9,微风,微风
2013/10/30,晴,晴,17,4,10.5,微风,微风
2013/10/31,多云,霾,14,5,9.5,微风,微风
2013/11/1,霾,阴,12,5,8.5,微风,微风
2013/11/2,霾,霾,15,7,11,微风,北风 3-4级
2013/11/3,晴,晴,17,3,10,北风 3-4级,微风
2013/11/4,晴,阴,17,5,11,微风,微风
2013/11/5,多云,多云,16,5,10.5,微风,微风
2013/11/6,晴,晴,17,4,10.5,北风 4-5级,北风 4-5级
2013/11/7,晴,晴,16,3,9.5,微风,微风
2013/11/8,阴,多云,13,5,9,微风,微风
2013/11/9,霾,多云,16,1,8.5,北风 5-6级,北风 5-6级
2013/11/10,晴,晴,12,0,6,北风 3-4级,微风
2013/11/11,晴,晴,14,1,7.5,微风,微风
2013/11/12,晴,多云,14,1,7.5,微风,微风
2013/11/13,霾,霾,12,4,8,微风,北风 3-4级
2013/11/14,晴,晴,14,0,7,北风 3-4级,微风
2013/11/15,晴,阴,15,3,9,微风,北风 4-5级
2013/11/16,晴,晴,12,0,6,北风 5-6级,北风 4-5级
2013/11/17,晴,晴,10,-1,4.5,北风 3-4级,微风
2013/11/18,晴,晴,10,-2,4,北风 3-4级,微风
2013/11/19,晴,晴,10,-2,4,微风,微风
2013/11/20,晴,晴,10,-2,4,微风,微风
2013/11/21,晴,晴,11,-2,4.5,微风,微风
2013/11/22,晴,晴,12,-1,5.5,微风,微风
2013/11/23,晴,霾,12,2,7,微风,微风
2013/11/24,阴,晴,9,0,4.5,北风 4-5级,北风 4-5级
2013/11/25,晴,晴,8,-3,2.5,北风 3-4级,微风
2013/11/26,多云,晴,7,-5,1,北风 4-5级,北风 4-5级
2013/11/27,晴,晴,0,-5,-2.5,北风 5-6级,北风 4-5级
2013/11/28,晴,晴,6,-4,1,北风 3-4级,微风
2013/11/29,晴,晴,11,0,5.5,微风,北风 3-4级
2013/11/30,晴,晴,10,-3,3.5,北风 3-4级,微风
2013/12/1,晴,晴,11,-3,4,微风,微风
2013/12/2,多云,多云,11,-1,5,微风,微风
2013/12/3,晴,晴,14,-1,6.5,微风,微风
2013/12/4,多云,多云,12,0,6,微风,微风
2013/12/5,晴,晴,12,-3,4.5,微风,微风
2013/12/6,晴,霾,11,-2,4.5,微风,微风
2013/12/7,霾,霾,9,-1,4,微风,微风
2013/12/8,霾,晴,10,-1,4.5,北风 4-5级,北风 4-5级
2013/12/9,晴,晴,7,-5,1,北风 3-4级,微风
2013/12/10,多云,晴,7,-4,1.5,北风 4-5级,北风 4-5级
2013/12/11,晴,晴,6,-3,1.5,微风,北风 3-4级
2013/12/12,晴,晴,3,-6,-1.5,北风 4-5级,微风
2013/12/13,晴,晴,5,-5,0,微风,微风
2013/12/14,晴,晴,5,-6,-0.5,微风,微风
2013/12/15,晴,晴,5,-5,0,微风,微风
2013/12/16,多云,小雪,2,-4,-1,微风,微风
2013/12/17,多云,晴,2,-7,-2.5,微风,微风
2013/12/18,晴,晴,3,-8,-2.5,微风,微风
2013/12/19,晴,晴,1,-7,-3,微风,微风
2013/12/20,晴,晴,3,-8,-2.5,微风,微风
2013/12/21,晴,多云,2,-6,-2,微风,微风
2013/12/22,晴,晴,3,-6,-1.5,微风,微风
2013/12/23,晴,晴,4,-6,-1,微风,微风
2013/12/24,霾,霾,4,-6,-1,微风,微风
2013/12/25,霾,晴,6,-5,0.5,北风 4-5级,北风 4-5级
2013/12/26,晴,晴,2,-9,-3.5,北风 3-4级,微风
2013/12/27,多云,多云,1,-6,-2.5,微风,微风
2013/12/28,晴,晴,3,-7,-2,微风,微风
2013/12/29,晴,晴,6,-6,0,微风,微风
2013/12/30,晴,晴,8,-5,1.5,微风,微风
2013/12/31,晴,晴,8,-3,2.5,北风 3-4级,微风
2014/1/1,晴,晴,10,-4,3,微风,微风
2014/1/2,晴,晴,8,-2,3,微风,微风
2014/1/3,晴,晴,9,-5,2,北风 3-4级,微风
2014/1/4,多云,多云,3,-3,0,微风,微风
2014/1/5,晴,阴,6,-4,1,微风,微风
2014/1/6,阴,阴,2,-3,-0.5,微风,微风
2014/1/7,多云,多云,6,-5,0.5,北风 3-4级,北风 3-4级
2014/1/8,晴,晴,0,-9,-4.5,北风 3-4级,微风
2014/1/9,晴,晴,1,-9,-4,微风,微风
2014/1/10,晴,晴,4,-8,-2,微风,微风
2014/1/11,晴,晴,4,-5,-0.5,微风,北风 3-4级
2014/1/12,晴,晴,2,-9,-3.5,微风,微风
2014/1/13,晴,晴,2,-7,-2.5,微风,微风
2014/1/14,晴,晴,4,-7,-1.5,微风,微风
2014/1/15,晴,阴,3,-4,-0.5,微风,微风
2014/1/16,霾,小雪,5,-4,0.5,微风,微风
2014/1/17,多云,晴,4,-6,-1,北风 3-4级,微风
2014/1/18,晴,多云,6,-4,1,微风,微风
2014/1/19,阴,晴,6,-4,1,北风 4-5级,北风 4-5级
2014/1/20,晴,晴,3,-5,-1,北风 4-5级,北风 3-4级
2014/1/21,晴,晴,5,-6,-0.5,微风,微风
2014/1/22,晴,多云,5,-4,0.5,微风,微风
2014/1/23,多云,多云,4,-3,0.5,微风,微风
2014/1/24,多云,多云,8,-3,2.5,微风,微风
2014/1/25,晴,多云,8,-5,1.5,微风,微风
2014/1/26,晴,多云,4,-5,-0.5,微风,微风
2014/1/27,晴,晴,10,-5,2.5,北风 3-4级,微风
2014/1/28,晴,晴,6,-5,0.5,南风 3-4级,微风
2014/1/29,多云,多云,5,-2,1.5,微风,微风
2014/1/30,晴,晴,7,-4,1.5,微风,微风
2014/1/31,多云,雾,4,-2,1,微风,微风
2014/2/1,阴,雾,6,-1,2.5,微风,微风
2014/2/2,晴,多云,9,-4,2.5,北风 4-5级,北风 4-5级
2014/2/3,晴,晴,1,-7,-3,北风 4-5级,北风 3-4级
2014/2/4,晴,多云,1,-7,-3,微风,微风
2014/2/5,晴,阴,1,-5,-2,微风,微风
2014/2/6,阴,小到中雪,0,-4,-2,微风,微风
2014/2/7,小雪,小雪,-2,-5,-3.5,微风,微风
2014/2/8,晴,晴,0,-9,-4.5,北风 3-4级,北风 3-4级
2014/2/9,晴,晴,-2,-11,-6.5,微风,微风
2014/2/10,晴,晴,0,-10,-5,微风,微风
2014/2/11,晴,晴,0,-9,-4.5,微风,微风
2014/2/12,晴,多云,2,-7,-2.5,微风,微风
2014/2/13,小雪,阴,0,-6,-3,微风,微风
2014/2/14,霾,多云,2,-5,-1.5,微风,微风
2014/2/15,霾,多云,3,-4,-0.5,微风,微风
2014/2/16,霾,多云,5,-4,0.5,微风,微风
2014/2/17,多云,多云,4,-4,0,微风,微风
2014/2/18,阴,小雪,2,-4,-1,微风,微风
2014/2/19,晴,晴,5,-5,0,微风,微风
2014/2/20,霾,雾,4,-4,0,微风,微风
2014/2/21,霾,雾,3,-2,0.5,微风,微风
2014/2/22,霾,雾,4,0,2,微风,微风
2014/2/23,霾,雾,4,-1,1.5,微风,微风
2014/2/24,霾,雾,7,1,4,微风,微风
2014/2/25,霾,雾,9,2,5.5,微风,微风
2014/2/26,小雨,阴,9,2,5.5,微风,北风 3-4级
2014/2/27,晴,晴,9,-3,3,北风 3-4级,微风
2014/2/28,阴,多云,5,-2,1.5,微风,微风
2014/3/1,晴,晴,10,-2,4,微风,微风
2014/3/2,晴,晴,10,-2,4,微风,微风
2014/3/3,霾,阴,6,1,3.5,微风,北风 3-4级
2014/3/4,晴,晴,8,-3,2.5,北风 4-5级,北风 3-4级
2014/3/5,晴,晴,9,-3,3,微风,微风
2014/3/6,晴,晴,7,-3,2,微风,微风
2014/3/7,多云,阴,8,-1,3.5,微风,微风
2014/3/8,晴,晴,8,-2,3,微风,微风
2014/3/9,晴,霾,10,-2,4,微风,微风
2014/3/10,晴,霾,11,2,6.5,微风,微风
2014/3/11,霾,小雨,12,3,7.5,微风,北风 4-5级
2014/3/12,晴,晴,10,-2,4,北风 3-4级,微风
2014/3/13,多云,多云,13,3,8,微风,微风
2014/3/14,晴,晴,16,2,9,微风,微风
2014/3/15,晴,晴,19,5,12,微风,微风
2014/3/16,晴,多云,17,5,11,微风,北风 3-4级
2014/3/17,浮尘,晴,19,5,12,北风 4-5级,北风 4-5级
2014/3/18,多云,阴,16,6,11,微风,微风
2014/3/19,阴,晴,12,5,8.5,北风 3-4级,北风 4-5级
2014/3/20,晴,晴,17,4,10.5,北风 3-4级,微风
2014/3/21,晴,晴,20,5,12.5,微风,微风
2014/3/22,晴,晴,23,6,14.5,北风 3-4级,微风
2014/3/23,晴,多云,20,6,13,微风,微风
2014/3/24,霾,霾,22,8,15,微风,微风
2014/3/25,霾,霾,23,9,16,微风,微风
2014/3/26,霾,霾,22,10,16,微风,微风
2014/3/27,霾,阵雨,21,13,17,微风,微风
2014/3/28,霾,多云,21,11,16,微风,微风
2014/3/29,晴,晴,22,8,15,微风,微风
2014/3/30,晴,阴,24,10,17,微风,微风
2014/3/31,小雨,多云,20,9,14.5,微风,微风
2014/4/1,霾,多云,23,11,17,微风,微风
2014/4/2,阴,阴,22,10,16,微风,北风 3-4级
2014/4/3,晴,晴,20,7,13.5,北风 4-5级,微风
2014/4/4,晴,晴,24,8,16,北风 4-5级,北风 3-4级
2014/4/5,晴,晴,21,6,13.5,微风,微风
2014/4/6,晴,晴,26,9,17.5,南风 3-4级,微风
2014/4/7,晴,晴,27,10,18.5,微风,微风
2014/4/8,霾,霾,25,12,18.5,微风,南风 3-4级
2014/4/9,晴,晴,28,11,19.5,北风 4-5级,东北风 3-4级
2014/4/10,多云,阴,18,11,14.5,微风,微风
2014/4/11,阴,多云,18,11,14.5,微风,微风
2014/4/12,多云,多云,22,9,15.5,微风,微风
2014/4/13,晴,霾,23,12,17.5,微风,微风
2014/4/14,霾,多云,24,15,19.5,南风 3-4级,微风
2014/4/15,多云,阴,24,12,18,南风 3-4级,微风
2014/4/16,多云,小雨,21,12,16.5,微风,微风
2014/4/17,阴,多云,17,11,14,微风,微风
2014/4/18,多云,阴,20,12,16,微风,微风
2014/4/19,小雨,晴,16,8,12,微风,微风
2014/4/20,多云,多云,22,10,16,微风,微风
2014/4/21,晴,晴,25,10,17.5,微风,微风
2014/4/22,晴,多云,27,13,20,微风,微风
2014/4/23,多云,多云,27,16,21.5,南风 3-4级,微风
2014/4/24,多云,多云,23,16,19.5,微风,微风
2014/4/25,雷阵雨,阵雨,25,12,18.5,微风,微风
2014/4/26,晴,晴,23,9,16,微风,微风
2014/4/27,晴,多云,26,11,18.5,微风,微风
2014/4/28,晴,晴,25,11,18,微风,微风
2014/4/29,晴,晴,28,13,20.5,微风,微风
2014/4/30,晴,晴,29,16,22.5,微风,微风
2014/5/1,雷阵雨,阵雨,27,14,20.5,北风 4-5级,北风 4-5级
2014/5/2,多云,阴,23,12,17.5,北风 5-6级,微风
2014/5/3,雷阵雨,扬沙,24,10,17,北风 5-6级,北风 5-6级
2014/5/4,晴,晴,19,7,13,北风 4-5级,微风
2014/5/5,多云,多云,21,8,14.5,北风 3-4级,微风
2014/5/6,雷阵雨,雷阵雨,21,10,15.5,微风,微风
2014/5/7,晴,晴,25,12,18.5,北风 3-4级,微风
2014/5/8,多云,多云,23,14,18.5,微风,微风
2014/5/9,阴,阴,20,15,17.5,微风,微风
2014/5/10,阵雨,小到中雨,20,10,15,微风,微风
2014/5/11,小雨,阴,15,8,11.5,微风,微风
2014/5/12,晴,晴,29,16,22.5,微风,微风
2014/5/13,多云,晴,30,16,23,北风 3-4级,北风 3-4级
2014/5/14,多云,晴,24,10,17,北风 4-5级,微风
2014/5/15,阴,浮尘,28,16,22,微风,微风
2014/5/16,晴,晴,28,15,21.5,微风,微风
2014/5/17,多云,多云,28,16,22,微风,微风
2014/5/18,晴,雷阵雨,30,19,24.5,微风,微风
2014/5/19,多云,晴,31,17,24,北风 3-4级,微风
2014/5/20,多云,晴,31,18,24.5,微风,微风
2014/5/21,晴,晴,31,19,25,微风,微风
2014/5/22,晴,晴,35,22,28.5,南风 3-4级,微风
2014/5/23,多云,雷阵雨,33,20,26.5,南风 3-4级,微风
2014/5/24,小雨,阴,25,19,22,微风,微风
2014/5/25,浮尘,晴,30,16,23,北风 4-5级,北风 3-4级
2014/5/26,晴,晴,35,19,27,微风,微风
2014/5/27,浮尘,晴,33,19,26,北风 5-6级,北风 4-5级
2014/5/28,晴,多云,37,22,29.5,微风,微风
2014/5/29,晴,多云,38,23,30.5,微风,微风
2014/5/30,晴,多云,37,22,29.5,微风,微风
2014/5/31,多云,阵雨,34,24,29,微风,微风
2014/6/1,阴,阴,29,19,24,微风,微风
2014/6/2,阴,多云,27,17,22,微风,微风
2014/6/3,晴,晴,32,20,26,微风,微风
2014/6/4,雷阵雨,阴,31,21,26,微风,微风
2014/6/5,多云,雷阵雨,33,23,28,微风,微风
2014/6/6,中到大雨,阴,27,18,22.5,微风,微风
2014/6/7,晴,多云,31,17,24,北风 3-4级,微风
2014/6/8,雷阵雨,阴,30,17,23.5,北风 4-5级,微风
2014/6/9,雷阵雨,多云,31,17,24,微风,微风
2014/6/10,雷阵雨,雷阵雨,29,17,23,微风,微风
2014/6/11,多云,晴,29,18,23.5,微风,微风
2014/6/12,晴,多云,34,21,27.5,微风,微风
2014/6/13,雷阵雨,阴,32,21,26.5,微风,微风
2014/6/14,多云,多云,32,22,27,微风,微风
2014/6/15,雷阵雨,雷阵雨,34,23,28.5,微风,微风
2014/6/16,中雨,雷阵雨,29,21,25,微风,微风
2014/6/17,雷阵雨,雷阵雨,28,20,24,微风,微风
2014/6/18,雷阵雨,阴,30,20,25,微风,微风
2014/6/19,雷阵雨,雷阵雨,28,19,23.5,微风,微风
2014/6/20,多云,多云,27,19,23,微风,微风
2014/6/21,雷阵雨,雷阵雨,27,19,23,微风,微风
2014/6/22,雷阵雨,阴,28,18,23,微风,微风
2014/6/23,晴,晴,32,20,26,微风,微风
2014/6/24,多云,雷阵雨,32,22,27,微风,微风
2014/6/25,雷阵雨,雷阵雨,28,21,24.5,微风,微风
2014/6/26,多云,晴,31,23,27,微风,微风
2014/6/27,晴,晴,35,21,28,微风,微风
2014/6/28,晴,晴,37,22,29.5,微风,微风
2014/6/29,多云,多云,35,23,29,微风,微风
2014/6/30,多云,阴,33,24,28.5,微风,微风
2014/7/1,大雨,大雨,32,21,26.5,微风,微风
2014/7/2,阵雨,阴,27,22,24.5,微风,微风
2014/7/3,雷阵雨,雷阵雨,29,23,26,微风,微风
2014/7/4,多云,多云,31,23,27,微风,微风
2014/7/5,霾,阴,32,23,27.5,微风,微风
2014/7/6,霾,多云,31,24,27.5,微风,微风
2014/7/7,多云,阴,32,24,28,微风,微风
2014/7/8,晴,多云,34,23,28.5,微风,微风
2014/7/9,多云,多云,32,22,27,微风,微风
2014/7/10,晴,晴,37,24,30.5,微风,微风
2014/7/11,晴,多云,36,22,29,微风,微风
2014/7/12,晴,晴,34,22,28,微风,微风
2014/7/13,多云,多云,36,22,29,微风,微风
2014/7/14,雷阵雨,多云,36,23,29.5,微风,微风
2014/7/15,雷阵雨,多云,35,24,29.5,微风,微风
2014/7/16,雷阵雨,雷阵雨,32,23,27.5,微风,微风
2014/7/17,多云,阴,31,24,27.5,微风,微风
2014/7/18,多云,晴,35,25,30,微风,微风
2014/7/19,晴,多云,36,26,31,微风,微风
2014/7/20,多云,雷阵雨,36,26,31,微风,微风
2014/7/21,阵雨,阴,32,26,29,微风,微风
2014/7/22,阴,阵雨,31,24,27.5,微风,微风
2014/7/23,多云,多云,33,23,28,微风,微风
2014/7/24,阵雨,阴,30,24,27,微风,微风
2014/7/25,晴,晴,34,22,28,微风,微风
2014/7/26,晴,晴,35,25,30,微风,微风
2014/7/27,晴,多云,35,24,29.5,南风 3-4级,微风
2014/7/28,晴,多云,35,24,29.5,南风 3-4级,微风
2014/7/29,雷阵雨,中雨,33,22,27.5,微风,微风
2014/7/30,阴,多云,29,24,26.5,微风,微风
2014/7/31,晴,晴,32,24,28,微风,微风
2014/8/1,阴,多云,32,25,28.5,微风,微风
2014/8/2,多云,多云,33,26,29.5,微风,微风
2014/8/3,阴,中雨,34,24,29,微风,微风
2014/8/4,阵雨,阴,29,21,25,微风,微风
2014/8/5,多云,多云,31,21,26,微风,微风
2014/8/6,多云,晴,34,21,27.5,微风,微风
2014/8/7,晴,晴,32,21,26.5,微风,微风
2014/8/8,晴,多云,31,21,26,微风,微风
2014/8/9,阴,雷阵雨,31,21,26,微风,微风
2014/8/10,晴,晴,32,22,27,微风,微风
2014/8/11,晴,晴,33,21,27,微风,微风
2014/8/12,阴,小到中雨,32,19,25.5,微风,微风
2014/8/13,阵雨,多云,24,18,21,微风,微风
2014/8/14,多云,雷阵雨,31,20,25.5,微风,微风
2014/8/15,多云,晴,32,20,26,微风,微风
2014/8/16,晴,多云,32,22,27,微风,微风
2014/8/17,雷阵雨,阴,30,21,25.5,微风,微风
2014/8/18,多云,多云,30,21,25.5,微风,微风
2014/8/19,多云,晴,32,22,27,微风,微风
2014/8/20,晴,多云,34,23,28.5,微风,微风
2014/8/21,雷阵雨,多云,32,23,27.5,微风,微风
2014/8/22,雷阵雨,雷阵雨,30,22,26,微风,微风
2014/8/23,阴,雷阵雨,31,22,26.5,微风,微风
2014/8/24,多云,晴,31,19,25,微风,北风 3-4级
2014/8/25,晴,晴,32,19,25.5,微风,微风
2014/8/26,晴,多云,33,20,26.5,微风,微风
2014/8/27,晴,多云,34,20,27,微风,微风
2014/8/28,阵雨,小到中雨,27,19,23,微风,微风
2014/8/29,多云,多云,27,19,23,微风,微风
2014/8/30,阵雨,小到中雨,27,19,23,微风,微风
2014/8/31,阴,多云,26,20,23,微风,微风
2014/9/1,雷阵雨,大到暴雨,25,19,22,微风,微风
2014/9/2,小到中雨,阵雨,23,18,20.5,微风,微风
2014/9/3,晴,晴,29,18,23.5,微风,微风
2014/9/4,晴,晴,33,17,25,微风,微风
2014/9/5,晴,晴,30,19,24.5,微风,微风
2014/9/6,多云,阵雨,28,21,24.5,微风,微风
2014/9/7,阴,晴,29,21,25,微风,北风 3-4级
2014/9/8,晴,多云,30,17,23.5,北风 3-4级,微风
2014/9/9,晴,晴,29,16,22.5,微风,微风
2014/9/10,晴,阴,28,18,23,微风,微风
2014/9/11,阵雨,阵雨,27,18,22.5,微风,微风
2014/9/12,阴,多云,26,17,21.5,微风,微风
2014/9/13,多云,阴,26,19,22.5,微风,微风
2014/9/14,阴,多云,25,15,20,北风 3-4级,微风
2014/9/15,晴,晴,27,13,20,微风,微风
2014/9/16,多云,阴,25,14,19.5,微风,微风
2014/9/17,多云,晴,23,13,18,微风,微风
2014/9/18,晴,多云,26,14,20,微风,微风
2014/9/19,阴,雷阵雨,25,16,20.5,微风,微风
2014/9/20,多云,晴,27,16,21.5,微风,微风
2014/9/21,多云,雾,24,17,20.5,微风,微风
2014/9/22,阵雨,小到中雨,24,17,20.5,微风,微风
2014/9/23,小到中雨,小雨,20,15,17.5,微风,微风
2014/9/24,晴,晴,24,14,19,微风,微风
2014/9/25,多云,阴,23,17,20,微风,微风
2014/9/26,阵雨,多云,22,15,18.5,微风,微风
2014/9/27,晴,晴,24,15,19.5,微风,微风
2014/9/28,多云,阴,23,16,19.5,微风,微风
2014/9/29,多云,晴,23,10,16.5,北风 4-5级,微风
2014/9/30,阴,阴,17,11,14,微风,微风
2014/10/1,阵雨,小雨,16,10,13,微风,微风
2014/10/2,晴,雾,20,11,15.5,微风,微风
2014/10/3,阵雨,小雨,17,12,14.5,微风,微风
2014/10/4,阵雨,阴,16,12,14,微风,微风
2014/10/5,晴,晴,21,8,14.5,北风 3-4级,微风
2014/10/6,晴,晴,20,9,14.5,微风,微风
2014/10/7,晴,晴,22,11,16.5,微风,微风
2014/10/8,霾,霾,22,13,17.5,微风,微风
2014/10/9,霾,霾,22,14,18,微风,微风
2014/10/10,霾,霾,22,13,17.5,微风,微风
2014/10/11,阵雨,阵雨,21,14,17.5,北风 3-4级,北风 4-5级
2014/10/12,阴,阴,17,6,11.5,北风 4-5级,微风
2014/10/13,晴,晴,18,4,11,微风,微风
2014/10/14,晴,多云,20,7,13.5,微风,微风
2014/10/15,晴,晴,23,6,14.5,北风 5-6级,北风 3-4级
2014/10/16,晴,晴,22,7,14.5,南风 3-4级,微风
2014/10/17,晴,霾,22,8,15,微风,微风
2014/10/18,霾,霾,24,11,17.5,微风,微风
2014/10/19,霾,霾,21,10,15.5,微风,微风
2014/10/20,霾,雾,21,9,15,微风,微风
2014/10/21,阴,晴,17,7,12,微风,微风
2014/10/22,阴,多云,16,8,12,微风,微风
2014/10/23,霾,霾,17,12,14.5,微风,微风
2014/10/24,霾,雾,19,11,15,微风,微风
2014/10/25,霾,雾,19,12,15.5,微风,北风 3-4级
2014/10/26,晴,晴,19,4,11.5,北风 4-5级,北风 3-4级
2014/10/27,晴,晴,15,3,9,微风,微风
2014/10/28,多云,多云,16,6,11,微风,微风
2014/10/29,多云,阴,16,9,12.5,微风,微风
2014/10/30,小雨,多云,15,9,12,微风,微风
2014/10/31,小雨,雾,14,9,11.5,微风,微风
2014/11/1,多云,晴,17,6,11.5,北风 3-4级,北风 4-5级
2014/11/2,晴,晴,13,2,7.5,北风 4-5级,微风
2014/11/3,晴,多云,17,5,11,微风,微风
2014/11/4,多云,阴,16,6,11,微风,微风
2014/11/5,晴,晴,18,6,12,北风 3-4级,北风 3-4级
2014/11/6,晴,多云,12,2,7,微风,微风
2014/11/7,阴,阴,10,2,6,微风,微风
2014/11/8,晴,晴,12,0,6,微风,微风
2014/11/9,晴,晴,14,1,7.5,微风,微风
2014/11/10,晴,阴,15,3,9,微风,北风 3-4级
2014/11/11,阴,晴,13,2,7.5,北风 4-5级,北风 3-4级
2014/11/12,晴,晴,9,-1,4,北风 5-6级,北风 3-4级
2014/11/13,晴,晴,11,-2,4.5,微风,微风
2014/11/14,晴,多云,12,0,6,微风,微风
2014/11/15,阴,小雨,9,1,5,微风,微风
2014/11/16,多云,晴,11,0,5.5,北风 3-4级,微风
2014/11/17,晴,晴,11,-2,4.5,微风,微风
2014/11/18,晴,多云,13,0,6.5,微风,微风
2014/11/19,阴,雾,10,0,5,微风,微风
2014/11/20,霾,晴,12,-1,5.5,微风,微风
2014/11/21,霾,晴,12,0,6,微风,微风
2014/11/22,晴,阴,11,0,5.5,微风,微风
2014/11/23,阴,晴,9,0,4.5,微风,微风
2014/11/24,晴,多云,11,-2,4.5,微风,微风
2014/11/25,多云,雾,9,-1,4,微风,微风
2014/11/26,霾,霾,8,1,4.5,微风,微风
2014/11/27,阴,阴,8,0,4,微风,微风
2014/11/28,晴,晴,9,-1,4,微风,微风
2014/11/29,多云,阴,7,2,4.5,微风,微风
2014/11/30,多云,晴,7,-6,0.5,北风 5-6级,北风 5-6级
2014/12/1,晴,晴,-1,-7,-4,北风 5-6级,北风 3-4级
2014/12/2,晴,晴,2,-7,-2.5,微风,微风
2014/12/3,晴,晴,1,-7,-3,北风 4-5级,北风 3-4级
2014/12/4,晴,晴,3,-8,-2.5,北风 5-6级,北风 4-5级
2014/12/5,晴,晴,4,-6,-1,微风,微风
2014/12/6,晴,小雪,4,-4,0,微风,微风
2014/12/7,多云,晴,5,-7,-1,北风 3-4级,北风 3-4级
2014/12/8,晴,晴,5,-6,-0.5,微风,微风
2014/12/9,霾,小雪,2,-3,-0.5,微风,微风
2014/12/10,晴,晴,5,-5,0,北风 5-6级,北风 5-6级
2014/12/11,晴,晴,3,-4,-0.5,北风 3-4级,北风 4-5级
2014/12/12,晴,晴,3,-7,-2,北风 3-4级,微风
2014/12/13,晴,晴,4,-7,-1.5,微风,微风
2014/12/14,多云,阴,3,-5,-1,微风,北风 4-5级
2014/12/15,晴,晴,5,-5,0,微风,微风
2014/12/16,晴,晴,1,-6,-2.5,北风 5-6级,北风 3-4级
2014/12/17,晴,晴,5,-7,-1,微风,微风
2014/12/18,霾,阴,5,-4,0.5,微风,北风 3-4级
2014/12/19,晴,晴,5,-5,0,北风 4-5级,北风 4-5级
2014/12/20,晴,晴,3,-6,-1.5,北风 3-4级,北风 3-4级
2014/12/21,晴,晴,3,-6,-1.5,微风,西风 3-4级
2014/12/22,霾,霾,6,-5,0.5,微风,微风
2014/12/23,霾,晴,8,-1,3.5,北风 3-4级,北风 3-4级
2014/12/24,晴,晴,5,-5,0,北风 3-4级,微风
2014/12/25,晴,晴,6,-5,0.5,微风,微风
2014/12/26,霾,霾,5,-5,0,微风,微风
2014/12/27,霾,霾,6,-5,0.5,微风,微风
2014/12/28,晴,晴,7,-4,1.5,北风 3-4级,微风
2014/12/29,晴,晴,11,-4,3.5,微风,微风
2014/12/30,多云,多云,6,-5,0.5,微风,北风 5-6级
2014/12/31,晴,晴,0,-8,-4,北风 5-6级,北风 3-4级
2015/1/1,晴,晴,3,-5,-1,微风,微风
2015/1/2,晴,霾,8,-6,1,微风,微风
2015/1/3,霾,霾,8,-5,1.5,微风,微风
2015/1/4,霾,霾,6,-1,2.5,微风,微风
2015/1/5,多云,晴,9,-4,2.5,北风 4-5级,北风 4-5级
2015/1/6,晴,晴,6,-6,0,微风,微风
2015/1/7,晴,多云,3,-6,-1.5,微风,微风
2015/1/8,霾,晴,5,-3,1,微风,微风
2015/1/9,晴,晴,7,-5,1,北风 3-4级,微风
2015/1/10,晴,晴,9,-3,3,微风,北风 3-4级
2015/1/11,晴,晴,5,-6,-0.5,微风,微风
2015/1/12,霾,霾,4,-5,-0.5,微风,微风
2015/1/13,霾,霾,4,-5,-0.5,微风,微风
2015/1/14,小雪,雾,2,-5,-1.5,微风,微风
2015/1/15,霾,霾,3,-3,0,微风,北风 3-4级
2015/1/16,晴,晴,4,-7,-1.5,北风 5-6级,北风 3-4级
2015/1/17,晴,阴,4,-5,-0.5,微风,微风
2015/1/18,阴,晴,6,-6,0,北风 4-5级,北风 3-4级
2015/1/19,晴,晴,6,-5,0.5,微风,微风
2015/1/20,多云,多云,5,-2,1.5,微风,北风 3-4级
2015/1/21,晴,晴,5,-7,-1,北风 3-4级,微风
2015/1/22,晴,霾,6,-6,0,微风,微风
2015/1/23,霾,霾,7,-3,2,微风,微风
2015/1/24,阴,阴,3,-5,-1,微风,微风
2015/1/25,霾,霾,4,-4,0,微风,微风
2015/1/26,雾,多云,4,-7,-1.5,北风 4-5级,北风 4-5级
2015/1/27,晴,晴,2,-7,-2.5,微风,微风
2015/1/28,多云,阴,0,-5,-2.5,微风,微风
2015/1/29,多云,晴,4,-6,-1,北风 3-4级,北风 3-4级
2015/1/30,晴,晴,3,-8,-2.5,微风,微风
2015/1/31,晴,晴,4,-7,-1.5,微风,微风
2015/2/1,多云,多云,2,-6,-2,微风,微风
2015/2/2,霾,霾,3,-5,-1,微风,微风
2015/2/3,霾,晴,8,-2,3,北风 4-5级,北风 3-4级
2015/2/4,晴,晴,6,-3,1.5,北风 4-5级,北风 4-5级
2015/2/5,晴,晴,8,-4,2,微风,微风
2015/2/6,多云,阴,9,-1,4,微风,北风 3-4级
2015/2/7,多云,晴,4,-7,-1.5,北风 5-6级,北风 4-5级
2015/2/8,晴,晴,3,-6,-1.5,微风,微风
2015/2/9,晴,晴,7,-4,1.5,微风,微风
2015/2/10,多云,多云,11,-1,5,微风,微风
2015/2/11,晴,晴,8,-4,2,微风,微风
2015/2/12,晴,晴,7,-5,1,微风,微风
2015/2/13,晴,晴,10,-3,3.5,微风,微风
2015/2/14,霾,霾,11,-1,5,微风,微风
2015/2/15,霾,霾,10,-1,4.5,微风,微风
2015/2/16,多云,晴,11,-1,5,北风 4-5级,北风 3-4级
2015/2/17,晴,晴,12,-1,5.5,北风 3-4级,微风
2015/2/18,晴,霾,10,-3,3.5,微风,微风
2015/2/19,霾,小雪,8,-2,3,微风,微风
2015/2/20,小到中雪,小雪,4,-1,1.5,微风,微风
2015/2/21,雾,晴,7,-3,2,北风 5-6级,北风 5-6级
2015/2/22,晴,晴,5,-5,0,北风 4-5级,微风
2015/2/23,晴,晴,6,-6,0,微风,微风
2015/2/24,霾,霾,5,-1,2,微风,北风 4-5级
2015/2/25,多云,晴,6,-5,0.5,北风 4-5级,北风 3-4级
2015/2/26,晴,晴,5,-5,0,北风 3-4级,微风
2015/2/27,多云,小雪,3,-2,0.5,微风,微风
2015/2/28,小雪,雾,3,-3,0,微风,北风 3-4级
2015/3/1,晴,晴,10,-3,3.5,南风 3-4级,南风 3-4级
2015/3/2,晴,多云,12,-2,5,北风 5-6级,北风 5-6级
2015/3/3,晴,晴,4,-4,0,北风 5-6级,北风 3-4级
2015/3/4,晴,晴,6,-5,0.5,微风,微风
2015/3/5,晴,霾,8,-3,2.5,微风,微风
2015/3/6,晴,霾,11,-2,4.5,南风 3-4级,微风
2015/3/7,霾,霾,11,0,5.5,微风,微风
2015/3/8,霾,晴,13,-2,5.5,北风 4-5级,北风 4-5级
2015/3/9,晴,晴,5,-6,-0.5,北风 4-5级,北风 3-4级
2015/3/10,晴,晴,9,-3,3,微风,微风
2015/3/11,晴,多云,11,-4,3.5,微风,微风
2015/3/12,多云,晴,12,-2,5,微风,微风
2015/3/13,晴,晴,13,0,6.5,微风,微风
2015/3/14,多云,多云,13,2,7.5,微风,北风 3-4级
2015/3/15,霾,阴,16,3,9.5,南风 3-4级,微风
2015/3/16,霾,霾,18,6,12,微风,微风
2015/3/17,晴,霾,15,3,9,微风,微风
2015/3/18,多云,多云,15,5,10,微风,微风
2015/3/19,多云,晴,20,5,12.5,微风,微风
2015/3/20,晴,晴,20,6,13,微风,北风 3-4级
2015/3/21,晴,晴,19,6,12.5,北风 4-5级,北风 3-4级
2015/3/22,多云,晴,13,1,7,北风 3-4级,微风
2015/3/23,晴,晴,17,3,10,微风,微风
2015/3/24,晴,晴,18,3,10.5,微风,微风
2015/3/25,晴,晴,18,6,12,南风 3-4级,微风
2015/3/26,晴,多云,20,8,14,南风 3-4级,微风
2015/3/27,多云,浮尘,21,9,15,南风 3-4级,南风 3-4级
2015/3/28,多云,晴,22,8,15,北风 4-5级,北风 3-4级
2015/3/29,晴,多云,22,9,15.5,微风,微风
2015/3/30,多云,阴,22,11,16.5,微风,微风
2015/3/31,小雨,多云,14,5,9.5,东北风 3-4级,微风
2015/4/1,小雨,小到中雨,12,3,7.5,微风,微风
2015/4/2,小雨,晴,13,4,8.5,微风,微风
2015/4/3,晴,多云,16,5,10.5,微风,微风
2015/4/4,多云,阴,15,9,12,微风,北风 3-4级
2015/4/5,多云,晴,17,4,10.5,北风 4-5级,北风 4-5级
2015/4/6,晴,晴,13,2,7.5,北风 3-4级,微风
2015/4/7,晴,多云,14,4,9,微风,微风
2015/4/8,多云,阴,14,5,9.5,微风,微风
2015/4/9,霾,霾,18,5,11.5,微风,微风
2015/4/10,阴,阴,20,8,14,南风 3-4级,微风
2015/4/11,小雨,小到中雨,16,5,10.5,微风,北风 3-4级
2015/4/12,小雨,多云,9,6,7.5,北风 4-5级,北风 3-4级
2015/4/13,多云,晴,18,5,11.5,北风 3-4级,微风
2015/4/14,晴,多云,24,10,17,微风,微风
2015/4/15,阴,扬沙,25,13,19,北风 3-4级,北风 6-7级
2015/4/16,晴,晴,20,8,14,北风 4-5级,微风
2015/4/17,晴,多云,25,12,18.5,微风,微风
2015/4/18,小雨,小雨,17,11,14,微风,微风
2015/4/19,多云,晴,21,6,13.5,北风 3-4级,微风
2015/4/20,晴,晴,22,10,16,微风,微风
2015/4/21,多云,晴,27,9,18,微风,北风 3-4级
2015/4/22,晴,多云,27,14,20.5,南风 3-4级,南风 3-4级
2015/4/23,多云,晴,29,10,19.5,北风 3-4级,微风
2015/4/24,晴,晴,27,12,19.5,微风,微风
2015/4/25,晴,晴,32,15,23.5,微风,南风 3-4级
2015/4/26,多云,多云,31,17,24,南风 3-4级,南风 3-4级
2015/4/27,多云,雷阵雨,29,15,22,微风,微风
2015/4/28,阵雨,多云,25,14,19.5,微风,微风
2015/4/29,晴,晴,27,14,20.5,微风,微风
2015/4/30,多云,霾,29,16,22.5,微风,南风 3-4级
2015/5/1,小到中雨,小雨,25,14,19.5,北风 3-4级,北风 3-4级
2015/5/2,多云,多云,25,14,19.5,微风,北风 3-4级
2015/5/3,晴,晴,25,10,17.5,北风 4-5级,北风 4-5级
2015/5/4,晴,晴,25,13,19,南风 3-4级,南风 3-4级
2015/5/5,多云,晴,27,12,19.5,北风 3-4级,微风
2015/5/6,多云,阴,23,12,17.5,南风 3-4级,微风
2015/5/7,晴,阵雨,25,14,19.5,微风,微风
2015/5/8,多云,小雨,21,11,16,微风,微风
2015/5/9,小雨,小雨,16,10,13,微风,微风
2015/5/10,中到大雨,小雨,13,9,11,微风,微风
2015/5/11,多云,多云,20,10,15,北风 3-4级,北风 3-4级
2015/5/12,多云,晴,29,11,20,北风 4-5级,微风
2015/5/13,晴,阴,31,19,25,微风,北风 4-5级
2015/5/14,晴,阴,28,15,21.5,北风 4-5级,微风
2015/5/15,阴,晴,25,12,18.5,微风,微风
2015/5/16,晴,多云,29,16,22.5,南风 3-4级,微风
2015/5/17,雷阵雨,雷阵雨,30,16,23,微风,北风 3-4级
2015/5/18,晴,晴,29,16,22.5,北风 4-5级,北风 3-4级
2015/5/19,晴,晴,28,17,22.5,北风 4-5级,北风 4-5级
2015/5/20,晴,晴,29,15,22,微风,微风
2015/5/21,多云,晴,30,16,23,南风 3-4级,南风 3-4级
2015/5/22,晴,晴,31,17,24,微风,微风
2015/5/23,晴,多云,32,19,25.5,微风,微风
2015/5/24,晴,阴,33,21,27,南风 3-4级,南风 3-4级
2015/5/25,晴,晴,35,21,28,南风 4-5级,南风 3-4级
2015/5/26,晴,晴,35,21,28,南风 3-4级,南风 3-4级
2015/5/27,多云,多云,32,21,26.5,微风,微风
2015/5/28,雷阵雨,阵雨,32,21,26.5,南风 3-4级,微风
2015/5/29,阴,晴,27,18,22.5,微风,微风
2015/5/30,阴,晴,31,19,25,微风,微风
2015/5/31,晴,晴,35,23,29,南风 3-4级,南风 3-4级
2015/6/1,多云,阴,34,23,28.5,微风,北风 3-4级
2015/6/2,晴,晴,33,17,25,北风 3-4级,微风
2015/6/3,多云,阴,32,22,27,微风,微风
2015/6/4,雷阵雨,阴,28,17,22.5,微风,微风
2015/6/5,晴,雷阵雨,32,20,26,微风,微风
2015/6/6,雷阵雨,阴,32,18,25,微风,微风
2015/6/7,雷阵雨,阴,29,17,23,微风,微风
2015/6/8,晴,多云,32,20,26,微风,微风
2015/6/9,阴,阵雨,29,20,24.5,微风,微风
2015/6/10,雷阵雨,雷阵雨,28,18,23,微风,微风
2015/6/11,多云,多云,30,18,24,北风 3-4级,微风
2015/6/12,多云,多云,29,19,24,北风 3-4级,微风
2015/6/13,阵雨,多云,28,17,22.5,微风,微风
2015/6/14,晴,晴,32,19,25.5,微风,微风
2015/6/15,多云,多云,32,22,27,微风,微风
2015/6/16,雷阵雨,雷阵雨,31,22,26.5,微风,微风
2015/6/17,雷阵雨,晴,31,20,25.5,微风,微风
2015/6/18,多云,雷阵雨,31,20,25.5,北风 3-4级,微风
2015/6/19,雷阵雨,多云,26,16,21,微风,微风
2015/6/20,晴,晴,32,19,25.5,微风,微风
2015/6/21,多云,多云,32,21,26.5,微风,微风
2015/6/22,阴,雷阵雨,31,22,26.5,微风,微风
2015/6/23,雷阵雨,阴,30,22,26,微风,微风
2015/6/24,阵雨,霾,30,22,26,微风,微风
2015/6/25,雷阵雨,雷阵雨,28,21,24.5,微风,微风
2015/6/26,雷阵雨,阴,30,21,25.5,微风,微风
2015/6/27,阴,阴,31,23,27,微风,微风
2015/6/28,多云,阴,31,24,27.5,微风,微风
2015/6/29,雷阵雨,阵雨,28,20,24,微风,微风
2015/6/30,阵雨,多云,29,18,23.5,南风 3-4级,微风
2015/7/1,晴,多云,33,18,25.5,北风 3-4级,微风
2015/7/2,多云,晴,34,18,26,微风,微风
2015/7/3,晴,阵雨,33,20,26.5,微风,微风
2015/7/4,阵雨,阵雨,29,19,24,微风,微风
2015/7/5,晴,多云,30,20,25,微风,微风
2015/7/6,多云,多云,31,22,26.5,微风,微风
2015/7/7,多云,晴,33,21,27,微风,微风
2015/7/8,晴,晴,34,22,28,微风,微风
2015/7/9,霾,晴,33,23,28,微风,微风
2015/7/10,阴,多云,31,24,27.5,微风,微风
2015/7/11,多云,晴,34,24,29,微风,微风
2015/7/12,晴,晴,38,25,31.5,微风,微风
2015/7/13,雷阵雨,雷阵雨,39,26,32.5,微风,微风
2015/7/14,雷阵雨,雷阵雨,37,23,30,微风,微风
2015/7/15,雷阵雨,阵雨,30,23,26.5,微风,微风
2015/7/16,雷阵雨,阵雨,28,21,24.5,微风,微风
2015/7/17,雷阵雨,雷阵雨,28,21,24.5,微风,微风
2015/7/18,雷阵雨,雷阵雨,26,21,23.5,微风,微风
2015/7/19,雷阵雨,雷阵雨,26,21,23.5,微风,微风
2015/7/20,雷阵雨,雷阵雨,28,21,24.5,微风,微风
2015/7/21,雷阵雨,雷阵雨,29,22,25.5,微风,微风
2015/7/22,雷阵雨,雷阵雨,29,21,25,微风,微风
2015/7/23,多云,雷阵雨,32,21,26.5,微风,微风
2015/7/24,雷阵雨,阴,31,22,26.5,微风,微风
2015/7/25,多云,多云,33,23,28,微风,微风
2015/7/26,多云,多云,33,23,28,微风,微风
2015/7/27,雷阵雨,中雨,31,23,27,微风,微风
2015/7/28,小到中雨,雷阵雨,29,22,25.5,微风,微风
2015/7/29,雷阵雨,中雨,29,23,26,微风,微风
2015/7/30,雷阵雨,阵雨,29,22,25.5,微风,微风
2015/7/31,阵雨,多云,29,22,25.5,微风,微风
2015/8/1,阴,中雨,31,23,27,微风,微风
2015/8/2,阴,阴,31,24,27.5,微风,微风
2015/8/3,阴,多云,30,21,25.5,微风,微风
2015/8/4,晴,多云,32,22,27,微风,微风
2015/8/5,多云,雷阵雨,30,22,26,微风,微风
2015/8/6,多云,多云,31,22,26.5,微风,微风
2015/8/7,多云,多云,32,23,27.5,微风,微风
2015/8/8,多云,多云,32,23,27.5,微风,微风
2015/8/9,晴,晴,33,22,27.5,微风,微风
2015/8/10,晴,晴,33,22,27.5,微风,微风
2015/8/11,多云,晴,34,23,28.5,微风,微风
2015/8/12,多云,晴,35,24,29.5,微风,微风
2015/8/13,阴,雷阵雨,35,24,29.5,南风 3-4级,北风 3-4级
2015/8/14,阴,晴,32,22,27,微风,微风
2015/8/15,晴,晴,34,22,28,微风,微风
2015/8/16,晴,多云,35,23,29,微风,微风
2015/8/17,雷阵雨,雷阵雨,31,22,26.5,微风,微风
2015/8/18,雷阵雨,小到中雨,31,20,25.5,微风,微风
2015/8/19,雷阵雨,阴,28,20,24,微风,微风
2015/8/20,晴,晴,33,20,26.5,微风,微风
2015/8/21,多云,多云,32,21,26.5,微风,微风
2015/8/22,阵雨,阵雨,30,20,25,微风,微风
2015/8/23,雷阵雨,阵雨,28,20,24,微风,微风
2015/8/24,多云,多云,30,20,25,微风,微风
2015/8/25,多云,多云,30,21,25.5,微风,微风
2015/8/26,多云,多云,31,21,26,微风,微风
2015/8/27,多云,多云,31,21,26,微风,微风
2015/8/28,多云,多云,32,21,26.5,微风,微风
2015/8/29,雷阵雨,雷阵雨,29,20,24.5,微风,微风
2015/8/30,雷阵雨,小到中雨,27,19,23,微风,微风
2015/8/31,小到中雨,小到中雨,25,18,21.5,微风,微风
2015/9/1,阵雨,阴,25,18,21.5,微风,微风
2015/9/2,多云,晴,29,18,23.5,微风,微风
2015/9/3,多云,阴,31,21,26,微风,微风
2015/9/4,小到中雨,中到大雨,24,19,21.5,微风,微风
2015/9/5,小到中雨,阴,22,17,19.5,微风,微风
2015/9/6,多云,晴,27,17,22,微风,微风
2015/9/7,晴,晴,29,17,23,微风,微风
2015/9/8,多云,阴,27,18,22.5,微风,微风
2015/9/9,阴,阴,23,19,21,微风,微风
2015/9/10,小雨,小雨,22,14,18,微风,微风
2015/9/11,多云,多云,22,15,18.5,微风,北风 3-4级
2015/9/12,晴,晴,26,12,19,北风 3-4级,微风
2015/9/13,晴,多云,28,15,21.5,微风,微风
2015/9/14,晴,多云,26,14,20,微风,微风
2015/9/15,晴,晴,26,15,20.5,微风,微风
2015/9/16,晴,多云,27,16,21.5,微风,微风
2015/9/17,霾,阵雨,27,18,22.5,微风,微风
2015/9/18,阴,晴,28,16,22,微风,微风
2015/9/19,晴,晴,27,15,21,微风,微风
2015/9/20,多云,晴,28,17,22.5,南风 3-4级,微风
2015/9/21,多云,多云,27,18,22.5,微风,微风
2015/9/22,阵雨,阴,26,14,20,南风 3-4级,微风
2015/9/23,晴,雾,26,17,21.5,微风,微风
2015/9/24,阴,雷阵雨,26,16,21,微风,微风
2015/9/25,晴,晴,26,13,19.5,微风,微风
2015/9/26,晴,晴,26,15,20.5,微风,微风
2015/9/27,晴,阴,26,15,20.5,微风,微风
2015/9/28,小雨,小雨,17,14,15.5,微风,微风
2015/9/29,小雨,阴,17,13,15,微风,微风
2015/9/30,阵雨,小到中雨,20,14,17,微风,北风 4-5级
2015/10/1,晴,晴,22,10,16,北风 5-6级,微风
2015/10/2,晴,晴,26,12,19,微风,微风
2015/10/3,晴,晴,25,12,18.5,微风,微风
2015/10/4,晴,晴,25,13,19,微风,微风
2015/10/5,晴,晴,26,15,20.5,微风,微风
2015/10/6,霾,雾,25,16,20.5,微风,微风
2015/10/7,霾,晴,25,13,19,微风,北风 4-5级
2015/10/8,晴,晴,19,7,13,北风 4-5级,微风
2015/10/9,晴,晴,20,8,14,北风 4-5级,北风 3-4级
2015/10/10,晴,多云,17,10,13.5,北风 4-5级,北风 3-4级
2015/10/11,多云,晴,22,8,15,北风 4-5级,微风
2015/10/12,晴,晴,23,9,16,微风,微风
2015/10/13,晴,阴,26,11,18.5,微风,微风
2015/10/14,多云,多云,22,10,16,微风,微风
2015/10/15,晴,晴,25,12,18.5,微风,微风
2015/10/16,霾,阴,25,12,18.5,微风,微风
2015/10/17,霾,霾,23,13,18,微风,北风 3-4级
2015/10/18,晴,多云,20,10,15,微风,微风
2015/10/19,晴,阴,21,12,16.5,微风,微风
2015/10/20,小雨,小雨,14,10,12,微风,微风
2015/10/21,小雨,小雨,12,9,10.5,微风,微风
2015/10/22,小雨,阴,11,8,9.5,微风,微风
2015/10/23,多云,晴,18,8,13,微风,微风
2015/10/24,晴,多云,18,7,12.5,微风,微风
2015/10/25,多云,小雨,15,9,12,微风,微风
2015/10/26,阴,晴,15,6,10.5,北风 3-4级,北风 3-4级
2015/10/27,晴,晴,17,4,10.5,北风 3-4级,微风
2015/10/28,晴,晴,15,5,10,微风,北风 3-4级
2015/10/29,晴,晴,12,3,7.5,北风 4-5级,北风 3-4级
2015/10/30,晴,晴,13,1,7,微风,微风
2015/10/31,晴,晴,15,2,8.5,微风,微风
2015/11/1,晴,晴,17,3,10,微风,微风
2015/11/2,晴,晴,19,4,11.5,微风,微风
2015/11/3,霾,多云,17,5,11,南风 3-4级,微风
2015/11/4,霾,小雨,16,9,12.5,微风,微风
2015/11/5,小雨,雨夹雪,11,2,6.5,微风,微风
2015/11/6,雨夹雪,雨夹雪,4,1,2.5,微风,微风
2015/11/7,阴,小雨,7,4,5.5,微风,微风
2015/11/8,阴,晴,10,1,5.5,微风,微风
2015/11/9,晴,雾,13,3,8,微风,微风
2015/11/10,霾,雾,8,4,6,微风,微风
2015/11/11,霾,雾,8,6,7,微风,微风
2015/11/12,霾,小雨,9,6,7.5,微风,微风
2015/11/13,阴,雾,9,6,7.5,微风,微风
2015/11/14,霾,雾,10,7,8.5,微风,微风
2015/11/15,霾,小雨,12,6,9,微风,微风
2015/11/16,多云,多云,9,1,5,微风,微风
2015/11/17,多云,雨夹雪,11,2,6.5,微风,微风
2015/11/18,阴,小雨,6,2,4,微风,微风
2015/11/19,小雨,雨夹雪,5,1,3,微风,微风
2015/11/20,雨夹雪,中雪,3,-1,1,微风,微风
2015/11/21,中到大雪,中雪,1,-2,-0.5,微风,微风
2015/11/22,大雪,小雪,-1,-4,-2.5,微风,微风
2015/11/23,阴,多云,0,-6,-3,微风,微风
2015/11/24,小雪,阴,-2,-8,-5,微风,微风
2015/11/25,阴,晴,-1,-9,-5,北风 4-5级,北风 4-5级
2015/11/26,晴,多云,0,-8,-4,北风 3-4级,微风
2015/11/27,多云,霾,0,-6,-3,微风,微风
2015/11/28,霾,雾,2,-4,-1,微风,微风
2015/11/29,霾,霾,4,-5,-0.5,微风,微风
2015/11/30,霾,雾,4,-3,0.5,微风,微风
2015/12/1,霾,霾,2,-3,-0.5,微风,北风 3-4级
2015/12/2,晴,晴,4,-3,0.5,北风 4-5级,北风 3-4级
2015/12/3,晴,晴,2,-4,-1,北风 5-6级,北风 3-4级
2015/12/4,晴,晴,6,-4,1,北风 3-4级,微风
2015/12/5,晴,多云,6,-3,1.5,微风,微风
2015/12/6,霾,小雪,4,-2,1,微风,微风
2015/12/7,霾,雾,4,-2,1,微风,微风
2015/12/8,霾,雨夹雪,4,1,2.5,微风,微风
2015/12/9,霾,雾,3,1,2,微风,微风
2015/12/10,晴,晴,9,-4,2.5,北风 3-4级,微风
2015/12/11,晴,多云,5,-3,1,微风,微风
2015/12/12,多云,多云,5,-3,1,微风,微风
2015/12/13,霾,小雪,4,-1,1.5,微风,微风
2015/12/14,阴,晴,7,-2,2.5,北风 3-4级,北风 3-4级
2015/12/15,晴,晴,4,-3,0.5,北风 4-5级,北风 3-4级
2015/12/16,晴,晴,2,-7,-2.5,北风 4-5级,北风 3-4级
2015/12/17,晴,晴,4,-6,-1,微风,微风
2015/12/18,晴,晴,6,-5,0.5,微风,微风
2015/12/19,霾,霾,3,-4,-0.5,微风,微风
2015/12/20,霾,雾,4,-5,-0.5,微风,微风
2015/12/21,霾,雾,5,-4,0.5,微风,微风
2015/12/22,霾,雾,4,-5,-0.5,微风,微风
2015/12/23,雾,多云,6,-5,0.5,微风,微风
2015/12/24,晴,霾,5,-6,-0.5,微风,微风
2015/12/25,霾,霾,4,-4,0,微风,微风
2015/12/26,雾,多云,3,-7,-2,微风,微风
2015/12/27,小雪,多云,-1,-7,-4,微风,微风
2015/12/28,晴,多云,2,-6,-2,微风,微风
2015/12/29,霾,霾,4,-4,0,微风,微风
2015/12/30,晴,晴,5,-6,-0.5,北风 3-4级,微风
2015/12/31,晴,晴,4,-6,-1,微风,微风
2016/1/1,霾,霾,5,-4,0.5,微风,微风
2016/1/2,霾,雾,7,-5,1,微风,微风
2016/1/3,霾,霾,4,-3,0.5,微风,微风
2016/1/4,多云,多云,2,-6,-2,北风 3-4级,微风
2016/1/5,晴,晴,1,-7,-3,北风 3-4级,微风
2016/1/6,晴,晴,3,-6,-1.5,北风 3-4级,北风 3-4级
2016/1/7,晴,晴,2,-7,-2.5,北风 3-4级,微风
2016/1/8,晴,晴,2,-8,-3,北风 3-4级,微风
2016/1/9,晴,晴,3,-6,-1.5,微风,微风
2016/1/10,多云,多云,1,-8,-3.5,微风,微风
2016/1/11,晴,晴,-1,-8,-4.5,微风,微风
2016/1/12,晴,晴,0,-9,-4.5,微风,微风
2016/1/13,晴,多云,2,-7,-2.5,微风,微风
2016/1/14,多云,晴,3,-7,-2,微风,微风
2016/1/15,霾,阴,2,-5,-1.5,微风,微风
2016/1/16,阴,小雪,-1,-6,-3.5,微风,微风
2016/1/17,晴,晴,-2,-10,-6,北风 3-4级,北风 3-4级
2016/1/18,晴,晴,-4,-13,-8.5,北风 3-4级,微风
2016/1/19,晴,霾,-2,-10,-6,微风,微风
2016/1/20,多云,霾,-2,-8,-5,微风,微风
2016/1/21,小雪,阴,-2,-10,-6,微风,北风 3-4级
2016/1/22,多云,晴,-6,-17,-11.5,北风 4-5级,北风 3-4级
2016/1/23,晴,晴,-11,-14,-12.5,北风 5-6级,北风 4-5级
2016/1/24,晴,晴,-3,-11,-7,北风 4-5级,微风
2016/1/25,晴,晴,3,-8,-2.5,北风 3-4级,北风 3-4级
2016/1/26,晴,晴,2,-9,-3.5,北风 3-4级,微风
2016/1/27,晴,多云,3,-7,-2,微风,微风
2016/1/28,晴,晴,4,-7,-1.5,微风,微风
2016/1/29,晴,阴,0,-7,-3.5,微风,微风
2016/1/30,多云,晴,-3,-10,-6.5,微风,微风
2016/1/31,晴,晴,1,-9,-4,北风 3-4级,微风
2016/2/1,晴,晴,4,-8,-2,微风,微风
2016/2/2,晴,晴,5,-7,-1,微风,微风
2016/2/3,晴,晴,6,-5,0.5,微风,微风
2016/2/4,多云,晴,4,-6,-1,微风,微风
2016/2/5,晴,晴,4,-4,0,北风 3-4级,北风 3-4级
2016/2/6,晴,晴,6,-6,0,微风,微风
2016/2/7,晴,晴,8,-4,2,微风,微风
2016/2/8,晴,晴,12,-3,4.5,北风 3-4级,微风
2016/2/9,晴,晴,10,-3,3.5,微风,微风
2016/2/10,霾,阴,9,-1,4,微风,微风
2016/2/11,小雨,雾,6,-1,2.5,微风,微风
2016/2/12,小雨,雨夹雪,10,2,6,微风,北风 3-4级
2016/2/13,阴,多云,4,-6,-1,北风 5-6级,北风 4-5级
2016/2/14,晴,晴,1,-7,-3,北风 4-5级,微风
2016/2/15,晴,晴,5,-4,0.5,北风 3-4级,微风
2016/2/16,晴,晴,8,-4,2,北风 3-4级,微风
2016/2/17,晴,晴,9,-2,3.5,微风,北风 3-4级
2016/2/18,晴,阴,9,-2,3.5,北风 4-5级,微风
2016/2/19,多云,晴,8,-5,1.5,北风 3-4级,微风
2016/2/20,晴,晴,4,-6,-1,北风 3-4级,微风
2016/2/21,晴,多云,6,-4,1,微风,微风
2016/2/22,晴,晴,8,-3,2.5,北风 3-4级,北风 3-4级
2016/2/23,晴,晴,4,-6,-1,北风 3-4级,微风
2016/2/24,晴,多云,7,-4,1.5,微风,微风
2016/2/25,多云,晴,6,-5,0.5,微风,微风
2016/2/26,多云,多云,8,-2,3,微风,微风
2016/2/27,多云,阴,7,-3,2,微风,微风
2016/2/28,多云,晴,8,-4,2,北风 4-5级,北风 4-5级
2016/2/29,多云,晴,5,-4,0.5,微风,微风
2016/3/1,晴,晴,10,-2,4,微风,微风
2016/3/2,晴,霾,17,2,9.5,微风,微风
2016/3/3,霾,霾,17,4,10.5,微风,微风
2016/3/4,霾,霾,12,4,8,微风,北风 3-4级
2016/3/5,晴,晴,12,-1,5.5,北风 4-5级,微风
2016/3/6,多云,晴,11,-2,4.5,微风,微风
2016/3/7,晴,晴,12,-1,5.5,北风 3-4级,北风 3-4级
2016/3/8,多云,阴,6,-2,2,北风 3-4级,北风 3-4级
2016/3/9,多云,晴,5,-4,0.5,微风,北风 3-4级
2016/3/10,晴,晴,7,-4,1.5,北风 3-4级,微风
2016/3/11,晴,晴,8,-2,3,微风,微风
2016/3/12,多云,晴,9,1,5,微风,北风 3-4级
2016/3/13,晴,晴,12,-2,5,北风 3-4级,微风
2016/3/14,晴,多云,15,3,9,微风,微风
2016/3/15,多云,霾,15,2,8.5,微风,微风
2016/3/16,霾,霾,17,6,11.5,微风,微风
2016/3/17,霾,雾,18,6,12,微风,微风
2016/3/18,霾,多云,21,4,12.5,微风,微风
2016/3/19,多云,多云,16,3,9.5,微风,微风
2016/3/20,多云,晴,16,4,10,微风,微风
2016/3/21,晴,阴,20,8,14,微风,微风
2016/3/22,阴,多云,14,5,9.5,微风,北风 3-4级
2016/3/23,晴,晴,15,2,8.5,北风 3-4级,微风
2016/3/24,晴,晴,15,3,9,微风,微风
2016/3/25,晴,晴,15,4,9.5,微风,北风 3-4级
2016/3/26,晴,晴,19,5,12,北风 3-4级,微风
2016/3/27,晴,晴,21,5,13,微风,微风
2016/3/28,多云,浮尘,22,8,15,北风 3-4级,北风 3-4级
2016/3/29,晴,晴,22,7,14.5,微风,微风
2016/3/30,晴,晴,22,7,14.5,微风,微风
2016/3/31,晴,浮尘,24,14,19,南风 3-4级,北风 3-4级
2016/4/1,晴,多云,23,11,17,北风 3-4级,北风 3-4级
2016/4/2,多云,阴,18,8,13,北风 3-4级,北风 3-4级
2016/4/3,多云,晴,18,6,12,微风,微风
2016/4/4,晴,多云,22,8,15,微风,微风
2016/4/5,晴,霾,24,11,17.5,南风 3-4级,南风 3-4级
2016/4/6,阵雨,阵雨,22,12,17,微风,微风
2016/4/7,晴,晴,24,9,16.5,北风 3-4级,北风 3-4级
2016/4/8,晴,晴,25,10,17.5,南风 3-4级,微风
2016/4/9,晴,晴,26,8,17,微风,微风
2016/4/10,晴,晴,19,5,12,微风,微风
2016/4/11,阴,小雨,17,8,12.5,微风,微风
2016/4/12,多云,多云,20,8,14,微风,微风
2016/4/13,晴,晴,26,10,18,北风 3-4级,北风 3-4级
2016/4/14,晴,多云,24,10,17,微风,微风
2016/4/15,阵雨,小雨,23,13,18,微风,北风 3-4级
2016/4/16,多云,晴,22,11,16.5,北风 4-5级,北风 3-4级
2016/4/17,晴,阴,20,10,15,北风 3-4级,北风 3-4级
2016/4/18,晴,阴,21,8,14.5,北风 3-4级,微风
2016/4/19,小雨,多云,15,9,12,微风,微风
2016/4/20,多云,晴,26,10,18,微风,微风
2016/4/21,晴,晴,30,15,22.5,北风 3-4级,北风 4-5级
2016/4/22,晴,晴,25,10,17.5,北风 3-4级,微风
2016/4/23,晴,晴,23,8,15.5,微风,微风
2016/4/24,晴,晴,27,16,21.5,南风 3-4级,南风 3-4级
2016/4/25,晴,多云,29,14,21.5,南风 3-4级,微风
2016/4/26,多云,阴,24,13,18.5,微风,微风
2016/4/27,阴,阴,18,12,15,微风,微风
2016/4/28,晴,多云,26,13,19.5,南风 3-4级,微风
2016/4/29,多云,晴,28,15,21.5,微风,微风
2016/4/30,霾,霾,31,15,23,微风,微风
2016/5/1,霾,雷阵雨,32,17,24.5,微风,北风 3-4级
2016/5/2,阵雨,多云,22,10,16,北风 4-5级,北风 3-4级
2016/5/3,晴,晴,27,10,18.5,北风 4-5级,微风
2016/5/4,多云,阵雨,28,15,21.5,微风,微风
2016/5/5,多云,晴,27,14,20.5,北风 4-5级,北风 4-5级
2016/5/6,晴,晴,25,12,18.5,北风 4-5级,微风
2016/5/7,晴,晴,26,12,19,微风,微风
2016/5/8,晴,阴,27,15,21,南风 3-4级,微风
2016/5/9,小雨,多云,22,12,17,微风,微风
2016/5/10,晴,多云,27,17,22,微风,微风
2016/5/11,多云,雷阵雨,29,19,24,微风,北风 3-4级
2016/5/12,多云,晴,23,9,16,北风 4-5级,北风 3-4级
2016/5/13,晴,小雨,25,13,19,微风,微风
2016/5/14,小雨,阴,15,11,13,微风,北风 3-4级
2016/5/15,多云,晴,24,10,17,北风 4-5级,微风
2016/5/16,晴,晴,30,15,22.5,南风 3-4级,微风
2016/5/17,晴,晴,31,17,24,微风,微风
2016/5/18,晴,多云,28,18,23,微风,微风
2016/5/19,晴,霾,29,15,22,微风,微风
2016/5/20,霾,霾,30,16,23,微风,微风
2016/5/21,霾,晴,30,15,22.5,微风,微风
2016/5/22,多云,多云,29,18,23.5,微风,微风
2016/5/23,阵雨,阵雨,24,13,18.5,微风,微风
2016/5/24,多云,阵雨,29,17,23,南风 3-4级,北风 3-4级
2016/5/25,多云,多云,30,17,23.5,南风 3-4级,北风 3-4级
2016/5/26,晴,晴,30,16,23,北风 4-5级,微风
2016/5/27,晴,多云,31,18,24.5,南风 3-4级,微风
2016/5/28,多云,多云,30,18,24,微风,北风 3-4级
2016/5/29,晴,晴,31,18,24.5,北风 3-4级,微风
2016/5/30,多云,阴,34,22,28,微风,微风
2016/5/31,多云,多云,29,17,23,微风,微风
2016/6/1,多云,多云,30,18,24,微风,微风
2016/6/2,晴,多云,31,18,24.5,南风 3-4级,微风
2016/6/3,阴,阴,29,19,24,微风,微风
2016/6/4,阴,多云,29,19,24,微风,微风
2016/6/5,阴,多云,30,18,24,微风,微风
2016/6/6,多云,小到中雨,31,19,25,微风,微风
2016/6/7,阵雨,晴,25,16,20.5,微风,微风
2016/6/8,多云,霾,31,19,25,微风,微风
2016/6/9,阴,雷阵雨,32,22,27,南风 3-4级,南风 3-4级
2016/6/10,雷阵雨,晴,32,20,26,北风 3-4级,微风
2016/6/11,晴,多云,30,18,24,北风 3-4级,微风
2016/6/12,多云,阴,32,20,26,微风,微风
2016/6/13,雷阵雨,中到大雨,25,18,21.5,微风,微风
2016/6/14,雷阵雨,阵雨,26,18,22,微风,微风
2016/6/15,晴,晴,30,17,23.5,微风,微风
2016/6/16,晴,多云,34,22,28,微风,微风
2016/6/17,多云,雷阵雨,32,20,26,微风,微风
2016/6/18,多云,晴,32,20,26,微风,微风
2016/6/19,多云,雷阵雨,35,23,29,微风,微风
2016/6/20,雷阵雨,雷阵雨,33,22,27.5,微风,微风
2016/6/21,雷阵雨,多云,33,24,28.5,微风,微风
2016/6/22,雷阵雨,雷阵雨,35,23,29,微风,微风
2016/6/23,阴,多云,35,21,28,微风,微风
2016/6/24,晴,晴,33,22,27.5,北风 3-4级,微风
2016/6/25,晴,晴,35,22,28.5,微风,微风
2016/6/26,晴,阴,36,24,30,南风 3-4级,南风 3-4级
2016/6/27,雷阵雨,中雨,33,21,27,微风,微风
2016/6/28,雷阵雨,雷阵雨,27,20,23.5,微风,微风
2016/6/29,雷阵雨,阴,29,22,25.5,微风,微风
2016/6/30,多云,多云,31,22,26.5,微风,微风
2016/7/1,多云,多云,30,21,25.5,微风,微风
2016/7/2,晴,多云,32,21,26.5,微风,微风
2016/7/3,雷阵雨,雷阵雨,31,23,27,微风,微风
2016/7/4,阴,多云,30,21,25.5,微风,微风
2016/7/5,霾,霾,32,22,27,微风,微风
2016/7/6,晴,霾,32,22,27,微风,微风
2016/7/7,晴,霾,33,23,28,微风,微风
2016/7/8,多云,霾,32,24,28,微风,微风
2016/7/9,多云,霾,34,25,29.5,微风,微风
2016/7/10,多云,霾,36,26,31,南风 3-4级,微风
2016/7/11,多云,雷阵雨,36,24,30,微风,微风
2016/7/12,雷阵雨,晴,32,23,27.5,微风,微风
2016/7/13,晴,多云,35,24,29.5,微风,微风
2016/7/14,阵雨,阵雨,31,22,26.5,微风,微风
2016/7/15,阵雨,阴,28,20,24,微风,微风
2016/7/16,阵雨,阵雨,29,22,25.5,微风,微风
2016/7/17,阴,多云,31,23,27,微风,微风
2016/7/18,晴,雷阵雨,33,23,28,微风,微风
2016/7/19,雷阵雨,大雨,26,22,24,微风,微风
2016/7/20,暴雨,小到中雨,24,20,22,东北风 3-4级,北风 3-4级
2016/7/21,阵雨,阵雨,29,23,26,微风,微风
2016/7/22,多云,雷阵雨,32,25,28.5,微风,微风
2016/7/23,阴,雷阵雨,33,26,29.5,微风,微风
2016/7/24,雷阵雨,暴雨,33,24,28.5,微风,微风
2016/7/25,阵雨,多云,29,23,26,微风,微风
2016/7/26,晴,晴,33,24,28.5,微风,微风
2016/7/27,多云,多云,34,25,29.5,微风,微风
2016/7/28,雷阵雨,雷阵雨,33,23,28,微风,微风
2016/7/29,多云,雷阵雨,32,25,28.5,微风,微风
2016/7/30,雷阵雨,雷阵雨,30,25,27.5,微风,微风
2016/7/31,阴,雷阵雨,32,24,28,微风,微风
2016/8/1,阴,多云,32,25,28.5,微风,微风
2016/8/2,晴,晴,33,24,28.5,微风,微风
2016/8/3,晴,晴,34,25,29.5,微风,微风
2016/8/4,晴,多云,33,25,29,微风,微风
2016/8/5,多云,多云,32,25,28.5,微风,微风
2016/8/6,多云,中雨,33,24,28.5,微风,微风
2016/8/7,阴,晴,29,23,26,微风,微风
2016/8/8,阴,阴,30,23,26.5,微风,微风
2016/8/9,晴,多云,31,24,27.5,微风,微风
2016/8/10,多云,多云,33,26,29.5,微风,微风
2016/8/11,阵雨,雷阵雨,33,27,30,微风,微风
2016/8/12,雷阵雨,阴,31,25,28,微风,微风
2016/8/13,多云,阴,33,24,28.5,微风,微风
2016/8/14,多云,多云,32,24,28,微风,微风
2016/8/15,阵雨,多云,30,20,25,微风,微风
2016/8/16,晴,晴,31,22,26.5,微风,微风
2016/8/17,阵雨,中雨,29,23,26,微风,微风
2016/8/18,大雨,小雨,25,22,23.5,微风,微风
2016/8/19,晴,晴,32,22,27,微风,微风
2016/8/20,多云,晴,32,22,27,微风,微风
2016/8/21,晴,多云,32,23,27.5,微风,微风
2016/8/22,多云,阴,31,24,27.5,微风,微风
2016/8/23,阵雨,阴,30,24,27,微风,微风
2016/8/24,多云,雷阵雨,32,24,28,微风,北风 4-5级
2016/8/25,多云,晴,31,18,24.5,北风 4-5级,微风
2016/8/26,晴,多云,29,17,23,微风,微风
2016/8/27,晴,多云,31,20,25.5,微风,微风
2016/8/28,晴,晴,31,18,24.5,微风,微风
2016/8/29,晴,多云,31,19,25,微风,微风
2016/8/30,多云,晴,30,19,24.5,微风,微风
2016/8/31,晴,阴,33,20,26.5,北风 3-4级,北风 3-4级
2016/9/1,阴,阴,27,19,23,北风 3-4级,微风
2016/9/2,多云,多云,28,18,23,微风,微风
2016/9/3,晴,阴,30,20,25,微风,微风
2016/9/4,雷阵雨,多云,29,18,23.5,微风,微风
2016/9/5,晴,多云,31,20,25.5,微风,微风
2016/9/6,多云,阵雨,30,21,25.5,微风,微风
2016/9/7,多云,多云,30,20,25,微风,微风
2016/9/8,晴,晴,31,18,24.5,微风,微风
2016/9/9,晴,多云,31,19,25,微风,微风
2016/9/10,多云,阵雨,30,19,24.5,微风,微风
2016/9/11,雷阵雨,多云,23,18,20.5,微风,微风
2016/9/12,多云,多云,27,19,23,微风,微风
2016/9/13,多云,多云,27,19,23,微风,微风
2016/9/14,多云,多云,30,20,25,微风,微风
2016/9/15,晴,多云,30,21,25.5,微风,微风
2016/9/16,雷阵雨,阵雨,30,20,25,微风,微风
2016/9/17,多云,小雨,25,18,21.5,微风,微风
2016/9/18,阵雨,阴,21,15,18,微风,微风
2016/9/19,晴,晴,25,13,19,微风,微风
2016/9/20,晴,多云,26,15,20.5,微风,微风
2016/9/21,阵雨,多云,24,16,20,微风,微风
2016/9/22,阵雨,雷阵雨,26,17,21.5,微风,微风
2016/9/23,雾,雷阵雨,27,19,23,微风,微风
2016/9/24,多云,雷阵雨,29,20,24.5,微风,微风
2016/9/25,多云,霾,27,19,23,微风,微风
2016/9/26,阵雨,多云,24,18,21,微风,北风 3-4级
2016/9/27,多云,晴,23,12,17.5,北风 4-5级,北风 3-4级
2016/9/28,晴,晴,20,10,15,微风,微风
2016/9/29,晴,多云,22,12,17,微风,微风
2016/9/30,晴,霾,24,14,19,微风,微风
2016/10/1,霾,霾,25,15,20,微风,微风
2016/10/2,霾,霾,26,16,21,微风,微风
2016/10/3,霾,阵雨,28,16,22,微风,微风
2016/10/4,阵雨,晴,22,13,17.5,微风,微风
2016/10/5,晴,多云,24,13,18.5,微风,微风
2016/10/6,小雨,小到中雨,17,14,15.5,微风,微风
2016/10/7,小雨,多云,16,11,13.5,北风 4-5级,北风 4-5级
2016/10/8,晴,晴,19,5,12,北风 4-5级,微风
2016/10/9,多云,晴,18,8,13,微风,微风
2016/10/10,多云,晴,19,9,14,微风,北风 3-4级
2016/10/11,晴,多云,20,10,15,微风,微风
2016/10/12,多云,霾,19,10,14.5,微风,微风
2016/10/13,霾,霾,22,12,17,微风,微风
2016/10/14,霾,霾,23,13,18,微风,微风
2016/10/15,小雨,小雨,17,11,14,微风,微风
2016/10/16,阴,晴,21,12,16.5,微风,微风
2016/10/17,晴,晴,21,10,15.5,微风,微风
2016/10/18,晴,多云,22,12,17,微风,微风
2016/10/19,霾,小雨,22,13,17.5,微风,微风
2016/10/20,小雨,小雨,15,11,13,微风,微风
2016/10/21,小雨,小雨,13,10,11.5,微风,微风
2016/10/22,阴,多云,14,7,10.5,微风,微风
2016/10/23,晴,多云,15,5,10,微风,微风
2016/10/24,多云,霾,14,6,10,微风,微风
2016/10/25,霾,霾,17,10,13.5,微风,微风
2016/10/26,多云,阴,15,9,12,微风,微风
2016/10/27,小雨,小雨,11,6,8.5,微风,北风 3-4级
2016/10/28,晴,晴,13,2,7.5,北风 3-4级,微风
2016/10/29,晴,多云,11,2,6.5,微风,微风
2016/10/30,多云,晴,13,3,8,北风 3-4级,北风 3-4级
2016/10/31,晴,晴,6,-2,2,微风,微风
2016/11/1,多云,晴,8,-2,3,微风,微风
2016/11/2,晴,晴,12,0,6,微风,微风
2016/11/3,霾,霾,15,2,8.5,微风,微风
2016/11/4,霾,霾,15,4,9.5,微风,微风
2016/11/5,多云,阴,17,3,10,微风,微风
2016/11/6,阴,小雨,10,4,7,微风,微风
2016/11/7,阴,晴,12,2,7,北风 4-5级,微风
2016/11/8,晴,晴,10,-1,4.5,无持续风向 微,无持续风向 微
2016/11/9,霾,霾,10,2,6,无持续风向 微,无持续风向 微
2016/11/10,霾,多云,8,1,4.5,微风,微风
2016/11/11,多云,晴,11,1,6,微风,微风
2016/11/12,晴,霾,12,2,7,微风,微风
2016/11/13,霾,霾,11,3,7,微风,北风 3-4级
2016/11/14,晴,晴,13,-2,5.5,北风 4-5级,微风
2016/11/15,晴,多云,11,0,5.5,微风,微风
2016/11/16,晴,霾,11,2,6.5,微风,微风
2016/11/17,霾,霾,7,4,5.5,微风,微风
2016/11/18,霾,霾,10,6,8,微风,微风
2016/11/19,晴,小雨,14,3,8.5,北风 3-4级,微风
2016/11/20,雨夹雪,大雪,5,-1,2,微风,北风 3-4级
2016/11/21,小雪,晴,0,-9,-4.5,北风 4-5级,北风 3-4级
2016/11/22,晴,多云,0,-8,-4,北风 3-4级,微风
2016/11/23,晴,晴,3,-6,-1.5,微风,微风
2016/11/24,晴,晴,4,-6,-1,微风,微风
2016/11/25,霾,霾,5,-5,0,微风,微风
2016/11/26,霾,霾,8,-4,2,微风,北风 3-4级
2016/11/27,晴,晴,8,-4,2,北风 3-4级,微风
2016/11/28,晴,霾,8,-4,2,微风,微风
2016/11/29,雨夹雪,雨夹雪,4,-3,0.5,微风,微风
2016/11/30,霾,晴,9,-1,4,南风 微,西北风 微
2016/12/1,晴,晴,9,-4,2.5,西北风 微,西南风 微
2016/12/2,霾,霾,9,-3,3,微风,微风
2016/12/3,霾,霾,8,-2,3,微风,微风
2016/12/4,霾,霾,9,-2,3.5,北风 微,北风 微
2016/12/5,晴,晴,6,-5,0.5,北风 3-4级,微风
2016/12/6,晴,晴,6,-3,1.5,南风 微,北风 微
2016/12/7,多云,阴,8,-2,3,南风 微,西南风 微
2016/12/8,晴,晴,9,-2,3.5,西北风 4-5级,北风 3-4级
2016/12/9,晴,晴,5,-5,0,北风 微,北风 微
2016/12/10,晴,霾,5,-4,0.5,南风 微,北风 微
2016/12/11,霾,霾,4,-1,1.5,南风 微,北风 微
2016/12/12,霾,多云,6,-3,1.5,北风 微,北风 微
2016/12/13,多云,晴,4,-6,-1,北风 微,北风 微
2016/12/14,晴,晴,2,-6,-2,南风 微,南风 微
2016/12/15,晴,晴,6,-6,0,北风 3-4级,南风 微
2016/12/16,霾,霾,6,-5,0.5,西南风 微,西南风 微
2016/12/17,霾,霾,6,-4,1,东风 微,北风 微
2016/12/18,霾,霾,7,-4,1.5,北风 微,北风 微
2016/12/19,霾,霾,8,-4,2,西南风 微,北风 微
2016/12/20,霾,雾,5,-2,1.5,南风 微,北风 微
2016/12/21,霾,雾,3,-3,0,北风 微,北风 微
2016/12/22,晴,晴,6,-5,0.5,西北风 3-4级,北风 3-4级
2016/12/23,晴,多云,3,-6,-1.5,北风 微,北风 微
2016/12/24,多云,霾,4,-5,-0.5,南风 微,北风 微
2016/12/25,霾,小雪,3,-2,0.5,南风 微,北风 微
2016/12/26,阴,多云,4,-7,-1.5,南风 微,北风 微
2016/12/27,晴,晴,3,-7,-2,南风 微,北风 微
2016/12/28,晴,晴,4,-7,-1.5,北风 3-4级,北风 3-4级
2016/12/29,晴,多云,4,-7,-1.5,南风 微,北风 微
2016/12/30,霾,霾,2,-6,-2,北风 微,南风 微
2016/12/31,霾,霾,3,-6,-1.5,西南风 微,北风 微
2017/1/1,霾,霾,6,-3,1.5,南风 微,北风 微
2017/1/2,晴,霾,6,-6,0,南风 微,南风 微
2017/1/3,霾,霾,5,-5,0,南风 微,南风 微
2017/1/4,霾,霾,6,-5,0.5,北风 微,北风 微
2017/1/5,小雪,霾,2,-4,-1,北风 微,北风 微
2017/1/6,霾,雾,4,-2,1,南风 微,北风 微
2017/1/7,小雪,雾,3,-3,0,北风 微,西北风 微
2017/1/8,晴,晴,5,-4,0.5,北风 微,北风 4-5级
2017/1/9,晴,晴,4,-5,-0.5,西南风 微,南风 微
2017/1/10,晴,晴,4,-6,-1,北风 3-4级,南风 微
2017/1/11,晴,晴,5,-5,0,西南风 微,北风 微
2017/1/12,晴,晴,6,-4,1,北风 微,北风 微
2017/1/13,晴,晴,4,-4,0,北风 4-5级,北风 微
2017/1/14,晴,晴,3,-7,-2,东北风 微,东南风 微
2017/1/15,多云,霾,0,-6,-3,南风 微,东南风 微
2017/1/16,小雪,霾,1,-5,-2,东风 微,北风 微
2017/1/17,霾,晴,3,-5,-1,北风 微,北风 微
2017/1/18,多云,小雪,2,-4,-1,东北风 微,北风 3-4级
2017/1/19,晴,晴,2,-8,-3,北风 5-6级,北风 3-4级
2017/1/20,晴,多云,1,-8,-3.5,北风 微,北风 微
2017/1/21,晴,晴,0,-9,-4.5,北风 4-5级,西北风 微
2017/1/22,晴,晴,0,-10,-5,南风 微,南风 微
2017/1/23,晴,晴,1,-8,-3.5,北风 微,南风 微
2017/1/24,晴,多云,3,-7,-2,南风 微,南风 微
2017/1/25,晴,阴,4,-4,0,南风 微,北风 微
2017/1/26,晴,晴,8,-6,1,北风 4-5级,北风 3-4级
2017/1/27,晴,多云,6,-5,0.5,西南风 3-4级,西南风 微
2017/1/28,多云,多云,4,-3,0.5,南风 微,北风 4-5级
2017/1/29,多云,晴,0,-8,-4,北风 4-5级,北风 3-4级
2017/1/30,晴,多云,1,-5,-2,西南风 微,西南风 微
2017/1/31,晴,晴,5,-4,0.5,西南风 微,北风 3-4级
2017/2/1,晴,晴,4,-7,-1.5,北风 3-4级,北风 微
2017/2/2,晴,晴,5,-5,0,西南风 微,北风 微
2017/2/3,多云,多云,7,-3,2,南风 微,北风 微
2017/2/4,多云,晴,8,-2,3,北风 微,西北风 3-4级
2017/2/5,晴,晴,9,-4,2.5,北风 微,北风 微
2017/2/6,多云,阴,5,-5,0,南风 微,北风 微
2017/2/7,阴,阴,2,-3,-0.5,南风 微,西北风 3-4级
2017/2/8,晴,晴,4,-7,-1.5,北风 3-4级,北风 3-4级
2017/2/9,晴,晴,3,-5,-1,北风 4-5级,北风 4-5级
2017/2/10,晴,晴,4,-6,-1,北风 4-5级,北风 3-4级
2017/2/11,晴,晴,7,-5,1,南风 微,北风 微
2017/2/12,晴,晴,10,-3,3.5,南风 微,北风 微
2017/2/13,晴,晴,11,-4,3.5,南风 微,北风 微
2017/2/14,多云,晴,7,-3,2,南风 微,北风 微
2017/2/15,多云,阴,8,1,4.5,南风 微,北风 3-4级
2017/2/16,多云,晴,10,-3,3.5,北风 4-5级,北风 微
2017/2/17,晴,晴,5,-4,0.5,南风 微,北风 微
2017/2/18,晴,阴,8,-1,3.5,南风 微,北风 微
2017/2/19,多云,晴,15,-2,6.5,北风 4-5级,北风 4-5级
2017/2/20,多云,阴,6,-2,2,北风 4-5级,南风 微
2017/2/21,小雪,小雪,1,-3,-1,南风 微,北风 微
2017/2/22,晴,晴,6,-3,1.5,北风 3-4级,北风 微
2017/2/23,晴,晴,8,-4,2,南风 3-4级,北风 微
2017/2/24,晴,晴,11,-2,4.5,南风 微,西北风 微
2017/2/25,多云,多云,13,0,6.5,西北风 微,北风 微
2017/2/26,晴,晴,13,-2,5.5,南风 微,北风 微
2017/2/27,晴,晴,14,2,8,南风 微,南风 微
2017/2/28,多云,阴,15,2,8.5,北风 微,北风 3-4级
2017/3/1,晴,晴,7,-3,2,北风 4-5级,北风 微
2017/3/2,晴,晴,13,-2,5.5,南风 3-4级,南风 微
2017/3/3,晴,晴,14,-2,6,东风 微,北风 微
2017/3/4,晴,多云,13,0,6.5,微风,北风 3-4级
2017/3/5,晴,多云,11,-1,5,西北风 4-5级,北风 4-5级
2017/3/6,多云,晴,9,-3,3,北风 4-5级,北风 3-4级
2017/3/7,晴,晴,8,-1,3.5,北风 3-4级,北风 3-4级
2017/3/8,晴,晴,13,1,7,北风 3-4级,北风 微
2017/3/9,晴,晴,15,1,8,南风 微,北风 微
2017/3/10,多云,阴,17,3,10,南风 微,南风 微
2017/3/11,阴,晴,20,5,12.5,北风 3-4级,北风 4-5级
2017/3/12,晴,晴,13,1,7,北风 3-4级,北风 微
2017/3/13,晴,晴,14,2,8,南风 微,北风 微
2017/3/14,晴,多云,16,2,9,南风 微,北风 微
2017/3/15,多云,多云,16,3,9.5,南风 微,北风 微
2017/3/16,多云,阴,17,6,11.5,南风 微,北风 微
2017/3/17,阴,阴,17,5,11,南风 微,北风 微
2017/3/18,晴,晴,20,5,12.5,南风 微,北风 微
2017/3/19,多云,阴,17,7,12,南风 微,北风 微
2017/3/20,小雨,阴,12,6,9,东风 3-4级,东风 微
2017/3/21,多云,多云,15,4,9.5,南风 微,北风 微
2017/3/22,阴,小雨,15,6,10.5,北风 微,东风 微
2017/3/23,小雨,小雨,10,2,6,东风 微,北风 微
2017/3/24,雨夹雪,阴,4,0,2,东风 微,北风 微
2017/3/25,多云,多云,13,4,8.5,南风 微,北风 3-4级
2017/3/26,多云,晴,15,4,9.5,北风 3-4级,北风 3-4级
2017/3/27,晴,多云,15,5,10,南风 微,北风 微
2017/3/28,晴,晴,16,4,10,南风 微,南风 微
2017/3/29,晴,多云,20,7,13.5,南风 微,北风 3-4级
2017/3/30,多云,多云,15,5,10,东北风 微,北风 微
2017/3/31,晴,晴,17,5,11,南风 微,北风 微
2017/4/1,晴,多云,22,5,13.5,西南风 微,南风 微
2017/4/2,晴,晴,23,6,14.5,南风 微,北风 微
2017/4/3,多云,阴,25,12,18.5,南风 3-4级,北风 微
2017/4/4,阴,小雨,21,12,16.5,南风 3-4级,南风 微
2017/4/5,多云,多云,19,9,14,南风 微,北风 微
2017/4/6,多云,阴,24,11,17.5,北风 微,东风 微
2017/4/7,阴,阴,20,14,17,南风 微,北风 微
2017/4/8,阴,晴,19,7,13,东北风 3-4级,北风 微
2017/4/9,多云,多云,19,8,13.5,南风 3-4级,南风 微
2017/4/10,多云,多云,20,10,15,南风 3-4级,北风 3-4级
2017/4/11,多云,晴,22,7,14.5,北风 3-4级,南风 微
2017/4/12,晴,多云,25,9,17,南风 微,北风 微
2017/4/13,阴,多云,21,8,14.5,南风 微,北风 微
2017/4/14,多云,多云,26,11,18.5,南风 微,南风 微
2017/4/15,晴,多云,31,14,22.5,南风 微,北风 微
2017/4/16,阴,阴,27,13,20,南风 3-4级,北风 微
2017/4/17,多云,多云,27,12,19.5,无持续风向 3-4级,无持续风向 3-4级
2017/4/18,晴,阴,23,10,16.5,北风 4-5级,北风 微
2017/4/19,阴,晴,18,11,14.5,南风 微,北风 微
2017/4/20,多云,多云,23,10,16.5,南风 微,北风 微
2017/4/21,晴,晴,22,9,15.5,北风 微,北风 微
2017/4/22,晴,多云,27,13,20,南风 3-4级,西北风 微
2017/4/23,晴,多云,25,10,17.5,南风 微,北风 微
2017/4/24,晴,多云,24,11,17.5,北风 3-4级,北风 3-4级
2017/4/25,多云,晴,19,8,13.5,南风 微,北风 微
2017/4/26,晴,晴,24,11,17.5,北风 3-4级,北风 微
2017/4/27,晴,晴,28,13,20.5,北风 4-5级,北风 微
2017/4/28,晴,晴,30,15,22.5,北风 3-4级,北风 微
2017/4/29,晴,晴,34,17,25.5,南风 3-4级,北风 微
2017/4/30,晴,多云,29,13,21,南风 3-4级,北风 微
2017/5/1,晴,多云,28,15,21.5,南风 微,北风 微
2017/5/2,多云,多云,29,17,23,南风 3-4级,南风 微
2017/5/3,阴,阴,28,16,22,西南风 3-4级,北风 微
2017/5/4,浮尘,多云,26,14,20,北风 3-4级,南风 微
2017/5/5,晴,晴,21,11,16,北风 5-6级,南风 微
2017/5/6,晴,晴,29,12,20.5,北风 4-5级,北风 微
2017/5/7,晴,多云,30,15,22.5,南风 3-4级,北风 微
2017/5/8,多云,多云,30,16,23,南风 3-4级,南风 微
2017/5/9,多云,阵雨,29,15,22,南风 3-4级,东风 微
2017/5/10,晴,晴,30,15,22.5,南风 3-4级,北风 微
2017/5/11,晴,多云,32,13,22.5,北风 4-5级,南风 微
2017/5/12,多云,晴,30,17,23.5,西南风 3-4级,西北风 微
2017/5/13,多云,晴,28,16,22,北风 3-4级,北风 微
2017/5/14,多云,多云,27,15,21,北风 3-4级,北风 3-4级
2017/5/15,多云,晴,28,15,21.5,南风 微,北风 微
2017/5/16,多云,晴,32,17,24.5,南风 3-4级,北风 微
2017/5/17,晴,晴,34,19,26.5,南风 微,北风 微
2017/5/18,晴,晴,35,21,28,南风 3-4级,北风 微
2017/5/19,多云,多云,36,22,29,南风 3-4级,西南风 微
2017/5/20,多云,多云,35,20,27.5,南风 3-4级,南风 微
2017/5/21,多云,阵雨,31,18,24.5,南风 3-4级,北风 微
2017/5/22,小到中雨,晴,18,13,15.5,东北风 3-4级,北风 微
2017/5/23,小到中雨,阴,19,14,16.5,北风 3-4级,北风 微
2017/5/24,多云,多云,33,17,25,西南风 3-4级,西南风 3-4级
2017/5/25,晴,晴,31,16,23.5,南风 3-4级,北风 微
2017/5/26,晴,晴,31,17,24,南风 微,北风 微
2017/5/27,晴,晴,34,21,27.5,西南风 微,北风 微
2017/5/28,多云,阴,36,22,29,北风 3-4级,东北风 微
2017/5/29,阴,阵雨,27,18,22.5,东风 3-4级,东风 微
2017/5/30,阵雨,晴,25,16,20.5,南风 微,北风 微
2017/5/31,阴,多云,33,18,25.5,南风 微,北风 微
2017/6/1,晴,阴,31,17,24,南风 3-4级,东风 微
2017/6/2,阴,多云,24,13,18.5,东风 3-4级,北风 微
2017/6/3,晴,晴,28,16,22,南风 3-4级,北风 微
2017/6/4,晴,多云,31,19,25,西南风 3-4级,北风 微
2017/6/5,多云,小雨,29,15,22,南风 3-4级,北风 微
2017/6/6,小雨,多云,20,14,17,南风 微,西北风 微
2017/6/7,晴,多云,31,17,24,南风 微,南风 微
2017/6/8,晴,晴,35,20,27.5,南风 微,北风 微
2017/6/9,晴,多云,37,21,29,南风 3-4级,南风 微
2017/6/10,多云,多云,30,17,23.5,东南风 微,北风 微
2017/6/11,阴,阴,31,18,24.5,南风 微,东风 微
2017/6/12,阵雨,多云,27,18,22.5,南风 微,北风 微
2017/6/13,雷阵雨,晴,28,17,22.5,南风 微,北风 微
2017/6/14,晴,晴,36,21,28.5,南风 微,北风 微
2017/6/15,晴,晴,37,24,30.5,南风 微,北风 微
2017/6/16,多云,阴,37,24,30.5,南风 3-4级,南风 3-4级
2017/6/17,雷阵雨,阴,35,25,30,南风 3-4级,南风 3-4级
2017/6/18,阴,雷阵雨,34,23,28.5,南风 3-4级,北风 微
2017/6/19,雷阵雨,多云,30,20,25,南风 微,北风 微
2017/6/20,多云,阴,33,22,27.5,南风 微,北风 微
2017/6/21,阴,雷阵雨,30,21,25.5,南风 微,北风 微
2017/6/22,中到大雨,暴雨,23,20,21.5,东风 3-4级,东风 3-4级
2017/6/23,小到中雨,雷阵雨,23,19,21,东风 微,北风 微
2017/6/24,多云,多云,26,18,22,北风 微,北风 微
2017/6/25,多云,多云,29,20,24.5,南风 微,北风 微
2017/6/26,多云,晴,34,21,27.5,南风 微,北风 微
2017/6/27,多云,多云,34,22,28,南风 微,北风 微
2017/6/28,多云,多云,35,24,29.5,南风 微,北风 微
2017/6/29,雷阵雨,多云,35,24,29.5,南风 微,南风 微
2017/6/30,多云,多云,35,25,30,南风 微,北风 微
2017/7/1,多云,多云,36,24,30,南风 微,北风 微
2017/7/2,多云,晴,36,24,30,南风 微,北风 微
2017/7/3,多云,雷阵雨,35,24,29.5,东南风 微,南风 微
2017/7/4,雷阵雨,雷阵雨,27,23,25,南风 微,北风 微
2017/7/5,多云,雷阵雨,31,23,27,南风 微,南风 微
2017/7/6,小雨,中雨,26,23,24.5,东风 微,东南风 微
2017/7/7,阴,多云,31,23,27,南风 微,北风 微
2017/7/8,多云,多云,34,25,29.5,南风 微,北风 微
2017/7/9,多云,多云,34,25,29.5,南风 微,北风 微
2017/7/10,晴,晴,34,24,29,南风 微,北风 微
2017/7/11,多云,多云,36,26,31,南风 微,南风 微
2017/7/12,多云,多云,36,27,31.5,南风 微,西南风 微
2017/7/13,雷阵雨,阴,36,25,30.5,西南风 微,北风 微
2017/7/14,雷阵雨,雷阵雨,34,24,29,东北风 微,东风 微
2017/7/15,雷阵雨,多云,32,25,28.5,东北风 微,东风 微
2017/7/16,晴,晴,34,25,29.5,南风 微,南风 微
2017/7/17,多云,晴,34,25,29.5,南风 微,南风 微
2017/7/18,阵雨,雷阵雨,31,25,28,南风 微,南风 微
2017/7/19,阴,多云,32,25,28.5,南风 微,南风 微
2017/7/20,雷阵雨,中到大雨,33,23,28,南风 微,东风 微
2017/7/21,阵雨,阵雨,27,24,25.5,东风 微,东风 微
2017/7/22,阴,阴,28,24,26,东风 微,东风 微
2017/7/23,阴,雷阵雨,27,24,25.5,南风 微,南风 微
2017/7/24,阴,阵雨,29,23,26,西北风 微,北风 微
2017/7/25,阵雨,阴,30,22,26,西南风 微,南风 微
2017/7/26,小到中雨,阴,24,19,21.5,北风 微,北风 微
2017/7/27,多云,多云,30,23,26.5,南风 微,南风 微
2017/7/28,多云,多云,30,22,26,南风 微,南风 微
2017/7/29,多云,多云,31,21,26,南风 微,南风 微
2017/7/30,多云,多云,30,21,25.5,南风 微,东南风 微
2017/7/31,晴,多云,31,23,27,南风 微,南风 微
2017/8/1,阵雨,雷阵雨,31,24,27.5,东南风 微,南风 微
2017/8/2,阵雨,中雨,29,24,26.5,东风 微,东风 微
2017/8/3,晴,晴,35,24,29.5,南风 微,北风 微
2017/8/4,晴,多云,36,25,30.5,南风 微,南风 微
2017/8/5,雷阵雨,雷阵雨,32,23,27.5,南风 微,东风 微
2017/8/6,多云,晴,34,24,29,东南风 微,东南风 微
2017/8/7,多云,多云,36,24,30,东南风 微,东南风 微
2017/8/8,多云,雷阵雨,34,23,28.5,西北风 微,东风 微
2017/8/9,雷阵雨,阴,30,23,26.5,北风 微,北风 微
2017/8/10,多云,多云,32,24,28,东北风 微,东南风 微
2017/8/11,雷阵雨,中雨,31,23,27,南风 微,北风 微
2017/8/12,雷阵雨,雷阵雨,31,22,26.5,东风 微,北风 微
2017/8/13,雷阵雨,雷阵雨,28,23,25.5,南风 微,北风 微
2017/8/14,阴,阴,30,23,26.5,东南风 微,东南风 微
2017/8/15,雷阵雨,雷阵雨,30,23,26.5,南风 微,东风 微
2017/8/16,雷阵雨,阴,28,22,25,东风 微,东南风 微
2017/8/17,多云,多云,29,22,25.5,南风 微,东南风 微
2017/8/18,雷阵雨,阴,29,22,25.5,西南风 微,东北风 微
2017/8/19,阵雨,多云,29,22,25.5,东北风 微,东北风 微
2017/8/20,阴,多云,30,23,26.5,东南风 微,南风 微
2017/8/21,多云,阴,32,24,28,西南风 微,南风 微
2017/8/22,雷阵雨,中到大雨,30,22,26,东南风 微,北风 微
2017/8/23,多云,晴,32,22,27,西北风 微,北风 微
2017/8/24,晴,多云,33,20,26.5,西北风 3-4级,北风 微
2017/8/25,多云,多云,32,19,25.5,西北风 微,北风 微
2017/8/26,多云,阵雨,29,19,24,南风 微,西风 微
2017/8/27,阵雨,阵雨,18,17,17.5,东风 微,北风 微
2017/8/28,多云,晴,28,17,22.5,东北风 微,北风 微
2017/8/29,多云,晴,26,16,21,南风 3-4级,西南风 3-4级
2017/8/30,多云,多云,27,19,23,南风 微,南风 微
2017/8/31,多云,多云,26,20,23,南风 微,西南风 微
2017/9/1,多云,阴,27,19,23,西南风 微,南风 微
2017/9/2,多云,阴,27,19,23,西南风 微,西南风 微
2017/9/3,多云,多云,29,19,24,南风 3-4级,南风 微
2017/9/4,阴,阵雨,28,20,24,南风 3-4级,南风 微
2017/9/5,多云,多云,30,18,24,北风 微,北风 微
2017/9/6,晴,晴,31,18,24.5,北风 微,南风 微
2017/9/7,晴,晴,31,19,25,南风 微,西南风 微
2017/9/8,多云,多云,31,21,26,东风 微,东风 微
2017/9/9,多云,阴,29,21,25,东风 微,南风 微
2017/9/10,雷阵雨,晴,27,19,23,西南风 微,北风 微
2017/9/11,晴,晴,29,16,22.5,北风 3-4级,西南风 微
2017/9/12,晴,多云,29,19,24,东南风 微,东风 微
2017/9/13,多云,多云,29,20,24.5,南风 微,西南风 微
2017/9/14,阴,阴,29,20,24.5,南风 微,南风 微
2017/9/15,阵雨,阴,27,18,22.5,南风 微,南风 微
2017/9/16,阴,多云,28,18,23,南风 微,北风 微
2017/9/17,晴,晴,29,16,22.5,北风 微,西南风 微
2017/9/18,晴,晴,30,18,24,北风 微,北风 3-4级
2017/9/19,晴,晴,30,14,22,西北风 3-4级,北风 微
2017/9/20,晴,晴,27,14,20.5,南风 微,南风 微
2017/9/21,阵雨,阵雨,29,17,23,西南风 微,西北风 3-4级
2017/9/22,晴,晴,28,14,21,西北风 3-4级,南风 微
2017/9/23,多云,阴,27,17,22,南风 微,西风 微
2017/9/24,多云,阵雨,29,18,23.5,东北风 微,东北风 微
2017/9/25,阴,阴,28,19,23.5,东风 微,南风 微
2017/9/26,小雨,阴,23,13,18,北风 3-4级,北风 微
2017/9/27,阴,晴,23,10,16.5,南风 微,北风 3-4级
2017/9/28,晴,多云,22,11,16.5,西南风 3-4级,西南风 微
2017/9/29,晴,晴,25,11,18,北风 微,南风 微
2017/9/30,多云,多云,26,16,21,南风 微,北风 微
2017/10/1,多云,阴,26,13,19.5,东北风 3-4级,东北风 微
2017/10/2,小雨,阴,18,8,13,东北风 微,西风 微
2017/10/3,多云,晴,20,10,15,西南风 微,西南风 微
2017/10/4,晴,晴,22,10,16,西南风 微,西南风 微
2017/10/5,多云,多云,21,11,16,南风 微,南风 微
2017/10/6,多云,阴,22,13,17.5,南风 微,南风 微
2017/10/7,小雨,阴,19,13,16,东北风 微,北风 微
2017/10/8,小雨,小雨,18,13,15.5,西南风 微,北风 微
2017/10/9,中雨,小到中雨,15,9,12,北风 3-4级,北风 微
2017/10/10,小雨,阴,11,6,8.5,北风 微,西南风 微
2017/10/11,多云,阴,16,6,11,西风 微,北风 微
2017/10/12,小雨,多云,14,6,10,北风 微,东北风 微
2017/10/13,晴,多云,18,9,13.5,北风 微,北风 微
2017/10/14,小雨,小雨,13,9,11,北风 微,北风 微
2017/10/15,多云,晴,17,8,12.5,北风 微,北风 微
2017/10/16,晴,多云,18,7,12.5,东风 微,西南风 微
2017/10/17,阴,小雨,16,11,13.5,南风 微,东南风 微
2017/10/18,小雨,多云,15,9,12,西南风 微,西南风 微
2017/10/19,多云,多云,18,9,13.5,西南风 微,南风 微
2017/10/20,晴,多云,20,11,15.5,西南风 微,东北风 微
2017/10/21,阴,小雨,18,10,14,东南风 微,东风 微
2017/10/22,阴,多云,13,7,10,西南风 微,东南风 微
2017/10/23,多云,晴,16,5,10.5,北风 微,西南风 微
2017/10/24,晴,多云,18,8,13,西南风 微,南风 微
2017/10/25,阴,阴,15,9,12,南风 微,西南风 微
2017/10/26,阴,多云,16,9,12.5,西南风 微,北风 微
2017/10/27,多云,雾,18,10,14,南风 微,北风 微
2017/10/28,多云,晴,16,5,10.5,北风 4-5级,北风 4-5级
2017/10/29,晴,晴,12,1,6.5,北风 3-4级,北风 微
2017/10/30,晴,晴,15,2,8.5,西南风 微,西南风 微
2017/10/31,多云,晴,16,4,10,南风 微,北风 微
2017/11/1,晴,阴,17,6,11.5,南风 微,南风 微
2017/11/2,晴,晴,17,3,10,北风 3-4级,北风 微
2017/11/3,晴,晴,13,0,6.5,东北风 3-4级,西北风 微
2017/11/4,晴,晴,14,3,8.5,西南风 微,南风 微
2017/11/5,晴,多云,15,4,9.5,南风 微,北风 微
2017/11/6,多云,多云,15,4,9.5,北风 微,西北风 微
2017/11/7,晴,晴,18,4,11,西北风 3-4级,北风 微
2017/11/8,多云,阴,15,4,9.5,南风 微,北风 微
2017/11/9,阴,阴,13,5,9,西北风 微,西北风 3-4级
2017/11/10,晴,晴,11,-1,5,西北风 3-4级,北风 微
2017/11/11,晴,多云,10,0,5,南风 微,南风 微
2017/11/12,多云,晴,11,0,5.5,西风 微,西北风 微
2017/11/13,晴,晴,12,0,6,北风 4-5级,西北风 3-4级
2017/11/14,晴,晴,8,-4,2,西北风 微,北风 微
2017/11/15,晴,晴,8,-2,3,南风 微,东南风 微
2017/11/16,晴,阴,8,-1,3.5,南风 微,北风 3-4级
2017/11/17,多云,晴,6,-4,1,北风 5-6级,北风 5-6级
2017/11/18,晴,晴,5,-6,-0.5,西风 3-4级,北风 微
2017/11/19,多云,多云,6,-5,0.5,西南风 微,西北风 微
2017/11/20,晴,多云,9,-3,3,西南风 微,南风 微
2017/11/21,多云,晴,8,-2,3,西北风 3-4级,西北风 微
2017/11/22,晴,晴,7,-5,1,西北风 4-5级,西风 微
2017/11/23,多云,多云,7,-4,1.5,西风 微,西风 微
2017/11/24,多云,多云,7,-5,1,西南风 3-4级,北风 微
2017/11/25,阴,多云,7,-4,1.5,南风 微,北风 3-4级
2017/11/26,晴,晴,4,-4,0,北风 微,南风 微
2017/11/27,晴,多云,5,-4,0.5,西南风 微,北风 微
2017/11/28,晴,晴,7,-5,1,西北风 4-5级,东北风 3-4级
2017/11/29,多云,多云,1,-6,-2.5,南风 微,北风 微
2017/11/30,晴,晴,4,-6,-1,西南风 微,西南风 微
2017/12/1,晴,晴,5,-6,-0.5,西南风 微,南风 微
2017/12/2,晴,多云,6,-4,1,南风 微,东北风 微
2017/12/3,多云,晴,5,-5,0,北风 3-4级,北风 3-4级
2017/12/4,多云,多云,4,-6,-1,西北风 3-4级,西南风 微
2017/12/5,晴,多云,7,-4,1.5,西南风 微,西南风 微
2017/12/6,晴,多云,8,-4,2,北风 微,北风 微
2017/12/7,多云,晴,5,-5,0,西北风 3-4级,西南风 微
2017/12/8,晴,晴,6,-4,1,西南风 微,北风 微
2017/12/9,多云,晴,6,-4,1,西南风 微,西北风 3-4级
2017/12/10,晴,多云,4,-5,-0.5,西北风 4-5级,东北风 微
2017/12/11,晴,晴,2,-8,-3,北风 3-4级,东北风 微
2017/12/12,多云,晴,-1,-8,-4.5,东风 微,北风 微
2017/12/13,晴,多云,0,-5,-2.5,东风 微,东南风 微
2017/12/14,阴,多云,0,-4,-2,南风 微,北风 微
2017/12/15,多云,晴,3,-6,-1.5,北风 3-4级,西北风 微
2017/12/16,晴,晴,0,-8,-4,西北风 3-4级,西风 微
2017/12/17,晴,晴,5,-4,0.5,西南风 微,西北风 微
2017/12/18,晴,晴,6,-6,0,西北风 3-4级,西北风 微
2017/12/19,多云,阴,4,-4,0,西南风 3-4级,北风 微
2017/12/20,多云,晴,7,-5,1,北风 微,西南风 微
2017/12/21,晴,晴,7,-6,0.5,西南风 微,北风 微
2017/12/22,多云,多云,11,-6,2.5,北风 3-4级,北风 微
2017/12/23,多云,多云,6,-3,1.5,西南风 微,西北风 微
2017/12/24,晴,晴,6,-6,0,西北风 3-4级,西南风 微
2017/12/25,晴,晴,5,-4,0.5,南风 微,北风 微
2017/12/26,晴,多云,4,-6,-1,南风 微,南风 微
2017/12/27,多云,晴,4,-5,-0.5,北风 微,北风 微
2017/12/28,晴,晴,4,-4,0,北风 微,北风 微
2017/12/29,多云,多云,2,-4,-1,南风 微,南风 微
2017/12/30,雾,晴,6,-6,0,北风 3-4级,北风 微
2017/12/31,晴,晴,5,-6,-0.5,南风 微,北风 微
2018/1/1,晴,多云,3,-6,-1.5,东北风 微,东北风 微
2018/1/2,多云,多云,3,-5,-1,东北风 微,北风 微
2018/1/3,多云,多云,2,-5,-1.5,北风 微,东北风 微
2018/1/4,阴,阴,-1,-7,-4,东北风 微,西南风 微
2018/1/5,多云,晴,3,-6,-1.5,西北风 微,北风 微
2018/1/6,多云,阴,2,-4,-1,西南风 微,西南风 微
2018/1/7,阴,多云,2,-4,-1,西风 微,北风 3-4级
2018/1/8,晴,晴,2,-6,-2,西北风 4-5级,西北风 微
2018/1/9,晴,晴,2,-8,-3,西北风 3-4级,西北风 微
2018/1/10,晴,晴,-2,-10,-6,西北风 4-5级,北风 微
2018/1/11,晴,晴,-1,-10,-5.5,北风 微,西风 微
2018/1/12,晴,晴,2,-8,-3,西南风 微,西北风 微
2018/1/13,多云,多云,3,-7,-2,南风 微,北风 微
2018/1/14,晴,多云,6,-5,0.5,西北风 微,东北风 微
2018/1/15,阴,多云,2,-5,-1.5,东南风 微,北风 微
2018/1/16,多云,多云,5,-5,0,南风 微,南风 微
2018/1/17,多云,晴,6,-7,-0.5,北风 微,西北风 微
2018/1/18,晴,晴,5,-6,-0.5,西南风 微,南风 微
2018/1/19,晴,晴,7,-4,1.5,北风 微,北风 微
2018/1/20,晴,多云,3,-6,-1.5,东南风 微,东南风 微
2018/1/21,阴,小雪,0,-5,-2.5,东北风 微,东风 微
2018/1/22,小雪,多云,-3,-10,-6.5,东风 微,北风 3-4级
2018/1/23,晴,晴,-5,-12,-8.5,北风 微,西南风 微
2018/1/24,晴,晴,-4,-11,-7.5,西南风 微,西南风 微
2018/1/25,多云,多云,-3,-11,-7,东北风 微,东北风 微
2018/1/26,多云,多云,-3,-10,-6.5,南风 微,南风 微
2018/1/27,多云,多云,-1,-9,-5,西南风 微,北风 3-4级
2018/1/28,晴,晴,-1,-9,-5,北风 3-4级,北风 微
2018/1/29,晴,晴,1,-8,-3.5,西风 微,北风 微
2018/1/30,晴,晴,5,-6,-0.5,西北风 微,北风 微
2018/1/31,晴,晴,4,-8,-2,西南风 微,西南风 微
2018/2/1,多云,多云,5,-7,-1,西北风 微,北风 3-4级
2018/2/2,晴,晴,-1,-9,-5,北风 3-4级,北风 微
2018/2/3,多云,多云,0,-9,-4.5,西北风 微,北风 微
2018/2/4,晴,晴,2,-8,-3,西风 微,北风 微
2018/2/5,晴,晴,0,-10,-5,北风 微,东北风 微
2018/2/6,多云,阴,2,-7,-2.5,西南风 微,北风 微
2018/2/7,多云,晴,2,-9,-3.5,北风 4-5级,西南风 微
2018/2/8,多云,多云,3,-7,-2,西南风 3-4级,北风 微
2018/2/9,多云,多云,4,-9,-2.5,西北风 4-5级,西北风 微
2018/2/10,晴,晴,1,-9,-4,西北风 4-5级,西北风 微
2018/2/11,晴,晴,0,-8,-4,西北风 4-5级,西北风 微
2018/2/12,晴,晴,5,-7,-1,西风 微,西南风 微
2018/2/13,晴,多云,8,-4,2,西风 微,东北风 微
2018/2/14,多云,多云,6,-6,0,北风 微,东北风 微
2018/2/15,多云,多云,5,-5,0,南风 微,西南风 微
2018/2/16,多云,多云,5,-5,0,南风 微,南风 微
2018/2/17,多云,阴,5,-4,0.5,南风 微,北风 微
2018/2/18,多云,多云,8,-3,2.5,南风 微,东北风 微
2018/2/19,多云,多云,6,-3,1.5,南风 微,东北风 微
2018/2/20,多云,晴,6,-5,0.5,北风 微,西南风 微
2018/2/21,晴,晴,8,-4,2,西南风 微,北风 微
2018/2/22,多云,多云,10,-5,2.5,北风 微,东北风 微
2018/2/23,多云,多云,10,-4,3,北风 微,东北风 微
2018/2/24,多云,多云,3,-6,-1.5,南风 微,南风 微
2018/2/25,多云,多云,6,-3,1.5,西南风 微,北风 微
2018/2/26,晴,多云,12,-1,5.5,东南风 微,东北风 微
2018/2/27,阴,阴,7,0,3.5,东风 微,东南风 微
2018/2/28,多云,晴,9,-2,3.5,西北风 微,北风 微
2018/3/1,晴,多云,8,-3,2.5,西南风 微,南风 微
2018/3/2,晴,多云,10,-1,4.5,北风 微,北风 微
2018/3/3,多云,阴,12,3,7.5,东北风 微,东北风 微
2018/3/4,多云,多云,10,-2,4,东南风 微,西南风 微
2018/3/5,晴,晴,8,-4,2,南风 微,东南风 微
2018/3/6,多云,阴,6,-3,1.5,东南风 微,东南风 微
2018/3/7,阴,多云,6,-2,2,北风 微,东北风 微
2018/3/8,晴,晴,7,-4,1.5,南风 微,南风 微
2018/3/9,多云,多云,10,-2,4,西南风 微,东北风 微
2018/3/10,晴,晴,14,-3,5.5,南风 微,南风 微
2018/3/11,多云,多云,10,0,5,南风 微,南风 微
2018/3/12,多云,晴,15,3,9,南风 微,北风 微
2018/3/13,晴,多云,17,5,11,南风 微,东北风 微
2018/3/14,多云,阴,15,6,10.5,东北风 微,东北风 3-4级
2018/3/15,多云,晴,12,-1,5.5,北风 4-5级,东风 微
2018/3/16,多云,多云,10,-1,4.5,南风 微,南风 微
2018/3/17,小雪,多云,3,-1,1,南风 微,南风 微
2018/3/18,多云,晴,13,1,7,西南风 微,北风 微
2018/3/19,多云,多云,15,2,8.5,东风 微,东风 微
2018/3/20,多云,多云,10,-2,4,西南风 微,南风 微
2018/3/21,多云,阴,11,1,6,南风 微,南风 微
2018/3/22,晴,多云,17,4,10.5,南风 微,西南风 微
2018/3/23,多云,多云,19,5,12,东北风 微,北风 微
2018/3/24,晴,晴,22,5,13.5,西南风 微,西南风 微
2018/3/25,晴,晴,25,7,16,南风 微,西南风 微
2018/3/26,多云,多云,26,8,17,南风 微,南风 微
2018/3/27,晴,多云,27,11,19,南风 微,东北风 微
2018/3/28,多云,晴,25,9,17,东风 微,南风 微
2018/3/29,晴,晴,19,7,13,南风 微,南风 微
2018/3/30,多云,多云,17,8,12.5,南风 微,南风 微
2018/3/31,多云,多云,24,9,16.5,南风 微,东北风 微
2018/4/1,晴,多云,25,11,18,南风 微,南风 微
2018/4/2,多云,多云,26,11,18.5,东北风 微,东北风 3-4级
2018/4/3,多云,阴,13,4,8.5,东北风 3-4级,东北风 微
2018/4/4,雨夹雪,小雪,8,0,4,东风 微,北风 微
2018/4/5,多云,多云,8,3,5.5,西南风 微,西风 微
2018/4/6,多云,晴,11,4,7.5,西北风 4-5级,西北风 3-4级
2018/4/7,晴,晴,12,2,7,西北风 3-4级,南风 微
2018/4/8,晴,晴,18,5,11.5,南风 微,南风 微
2018/4/9,多云,多云,20,7,13.5,东风 微,北风 微
2018/4/10,扬沙,晴,24,8,16,西北风 4-5级,北风 微
2018/4/11,晴,晴,24,9,16.5,西南风 3-4级,东北风 微
2018/4/12,多云,小雨,22,7,14.5,东南风 微,北风 微
2018/4/13,小雨,多云,12,6,9,南风 微,西北风 微
2018/4/14,晴,晴,19,5,12,北风 4-5级,西北风 微
2018/4/15,晴,晴,22,8,15,西南风 微,西南风 微
2018/4/16,多云,多云,25,11,18,南风 微,南风 微
2018/4/17,多云,晴,25,12,18.5,南风 微,南风 微
2018/4/18,多云,多云,27,14,20.5,西南风 微,西南风 微
2018/4/19,多云,多云,26,13,19.5,东南风 4-5级,东南风 3-4级
2018/4/20,多云,小雨,29,14,21.5,南风 4-5级,南风 3-4级
2018/4/21,中雨,小雨,16,12,14,东北风 3-4级,北风 4-5级
2018/4/22,阴,多云,16,12,14,东北风 3-4级,北风 3-4级
2018/4/23,多云,多云,19,9,14,东北风 3-4级,北风 3-4级
2018/4/24,多云,多云,23,10,16.5,北风 3-4级,西南风 微
2018/4/25,多云,多云,25,11,18,南风 3-4级,南风 微
2018/4/26,晴,晴,26,12,19,西北风 微,东风 3-4级
2018/4/27,晴,晴,24,12,18,西南偏南风 4,西南偏南风 4
2018/4/28,晴,晴,27,17,22,西南风 3-4级,西南风 微
2018/4/29,多云,多云,29,17,23,南风 微,东北风 3-4级
2018/4/30,多云,多云,25,13,19,东南风 3-4级,北风 3-4级
2018/5/1,阴,多云,24,13,18.5,北风 4-5级,北风 3-4级
2018/5/2,多云,晴,25,13,19,北风 3-4级,西北风 3-4级
2018/5/3,晴,晴,24,10,17,南风 3-4级,南风 微
2018/5/4,晴,多云,27,16,21.5,西南风 微,北风 微
2018/5/5,多云,多云,25,15,20,北风 微,北风 微
2018/5/6,晴,晴,28,14,21,西南风 微,西南风 微
2018/5/7,晴,晴,28,12,20,南风 微,南风 微
2018/5/8,晴,晴,27,13,20,东南风 3-4级,东南风 微
2018/5/9,晴,多云,29,16,22.5,南风 3-4级,南风 微
2018/5/10,多云,多云,26,18,22,南风 微,西北风 微
2018/5/11,小雨,多云,23,15,19,南风 微,南风 微
2018/5/12,雷阵雨,雷阵雨,28,16,22,南风 微,东北风 微
2018/5/13,晴,晴,30,17,23.5,南风 3-4级,南风 微
2018/5/14,多云,多云,34,22,28,南风 微,南风 微
2018/5/15,小雨,雷阵雨,30,22,26,东南风 微,东南风 微
2018/5/16,多云,小雨,30,21,25.5,东风 微,东风 微
2018/5/17,小雨,多云,25,19,22,东北风 微,东风 微
2018/5/18,多云,晴,28,17,22.5,南风 微,西南风 微
2018/5/19,多云,小雨,28,16,22,东南风 微,东风 微
2018/5/20,多云,多云,24,16,20,东风 微,东风 微
2018/5/21,多云,小雨,25,17,21,南风 微,南风 微
2018/5/22,多云,晴,25,15,20,西北风 3-4级,西南风 微
2018/5/23,晴,晴,28,16,22,西南风 3-4级,西南风 微
2018/5/24,晴,晴,31,17,24,南风 3-4级,南风 3-4级
2018/5/25,多云,多云,32,19,25.5,西南风 微,西南风 微
2018/5/26,雷阵雨,多云,30,17,23.5,西南风 3-4级,西南风 3-4级
2018/5/27,多云,多云,32,18,25,西南风 3-4级,西南风 3-4级
2018/5/28,晴,晴,30,16,23,西北风 4-5级,北风 微
2018/5/29,多云,多云,31,16,23.5,北风 3-4级,北风 微
2018/5/30,晴,晴,33,18,25.5,东风 微,西南风 微
2018/5/31,晴,晴,35,19,27,西南风 3-4级,西南风 3-4级
2018/6/1,晴,多云,35,22,28.5,西南风 微,西南风 微
2018/6/2,多云,多云,35,21,28,西南风 3-4级,南风 微
2018/6/3,多云,多云,32,20,26,西北风 3-4级,北风 微
2018/6/4,晴,晴,35,21,28,西南风 4-5级,西南风 4-5级
2018/6/5,多云,多云,38,25,31.5,西南风 4-5级,西南风 4-5级
2018/6/6,多云,多云,36,25,30.5,东北风 微,东北风 微
2018/6/7,多云,多云,33,22,27.5,东风 微,东风 微
2018/6/8,多云,雷阵雨,32,25,28.5,西南风 微,西南风 微
2018/6/9,小雨,小雨,23,17,20,西风 微,西风 微
2018/6/10,多云,多云,27,17,22,东南风 微,东南风 微
2018/6/11,多云,多云,29,19,24,西南风 3-4级,西南风 3-4级
2018/6/12,雷阵雨,雷阵雨,32,19,25.5,东南风 3-4级,东北风 微
2018/6/13,雷阵雨,多云,28,18,23,东北风 微,西北风 微
2018/6/14,多云,多云,31,19,25,南风 微,南风 微
2018/6/15,多云,多云,32,20,26,东南风 3-4级,东南风 微
2018/6/16,多云,雷阵雨,30,21,25.5,南风 微,南风 微
2018/6/17,多云,雷阵雨,28,22,25,南风 微,南风 微
2018/6/18,雷阵雨,雷阵雨,31,21,26,西南风 微,东北风 微
2018/6/19,晴,晴,33,20,26.5,东北风 3-4级,东北风 3-4级
2018/6/20,晴,晴,35,21,28,南风 微,南风 微
2018/6/21,多云,多云,35,23,29,东南风 微,东南风 微
2018/6/22,多云,多云,30,21,25.5,西南风 3-4级,北风 微
2018/6/23,晴,晴,35,25,30,南风 微,西南风 微
2018/6/24,多云,多云,36,25,30.5,东南风 3-4级,东南风 3-4级
2018/6/25,阴,雷阵雨,34,24,29,东南风 微,东南风 微
2018/6/26,多云,晴,36,25,30.5,西南风 3-4级,西南风 3-4级
2018/6/27,多云,多云,38,25,31.5,东北风 3-4级,东北风 3-4级
2018/6/28,晴,晴,35,24,29.5,北风 3-4级,西南风 微
2018/6/29,晴,晴,38,25,31.5,东南风 微,南风 微
2018/6/30,雷阵雨,多云,37,23,30,西南风 微,东南风 微
2018/7/1,晴,晴,35,23,29,东南风 微,东南风 微
2018/7/2,多云,雷阵雨,32,23,27.5,东南风 微,东南风 3-4级
2018/7/3,小雨,多云,32,24,28,东北风 微,东北风 微
2018/7/4,多云,晴,36,25,30.5,西南风 微,南风 微
2018/7/5,多云,雷阵雨,36,24,30,东北风 微,东北风 微
2018/7/6,多云,阴,34,23,28.5,东南风 微,东南风 微
2018/7/7,雷阵雨,雷阵雨,29,23,26,东南风 微,东南风 微
2018/7/8,雷阵雨,雷阵雨,30,23,26.5,东南风 微,东南风 微
2018/7/9,雷阵雨,阴,29,22,25.5,东南风 微,东南风 微
2018/7/10,阴,雷阵雨,30,27,28.5,东南风 微,南风 微
2018/7/11,中雨,大雨,25,22,23.5,东南风 微,北风 微
2018/7/12,小雨,多云,27,22,24.5,西北风 微,北风 微
2018/7/13,雷阵雨,雷阵雨,29,24,26.5,东南风 微,东南风 微
2018/7/14,小雨,多云,31,24,27.5,东南风 微,东南风 微
2018/7/15,多云,雷阵雨,32,25,28.5,南风 微,南风 微
2018/7/16,雷阵雨,雷阵雨,30,24,27,南风 微,东北风 微
2018/7/17,大雨,雷阵雨,26,23,24.5,东南风 微,东南风 微
2018/7/18,多云,多云,32,25,28.5,南风 微,东风 微
2018/7/19,雷阵雨,雷阵雨,29,26,27.5,东南风 微,东南风 微
2018/7/20,多云,多云,33,27,30,西南风 3-4级,南风 微
2018/7/21,多云,雷阵雨,34,26,30,西南风 3-4级,西南风 3-4级
2018/7/22,小雨,多云,33,25,29,东南风 微,东南风 微
2018/7/23,雷阵雨,中雨,32,25,28.5,东风 微,东北风 3-4级
2018/7/24,大雨,中雨,28,24,26,北风 3-4级,北风 3-4级
2018/7/25,多云,多云,34,25,29.5,北风 微,北风 微
2018/7/26,多云,雷阵雨,34,25,29.5,东北风 微,东南风 微
2018/7/27,多云,多云,32,23,27.5,南风 微,南风 微
2018/7/28,多云,多云,33,24,28.5,南风 微,南风 微
2018/7/29,多云,多云,33,25,29,东南风 微,南风 微
2018/7/30,晴,晴,34,25,29.5,东南风 微,东南风 微
2018/7/31,晴,晴,35,27,31,南风 微,南风 微
2018/8/1,多云,雷阵雨,36,27,31.5,东南风 微,东南风 微
2018/8/2,晴,晴,36,27,31.5,南风 微,南风 微
2018/8/3,晴,晴,36,26,31,南风 微,南风 微
2018/8/4,晴,多云,36,27,31.5,南风 微,南风 微
2018/8/5,雷阵雨,雷阵雨,35,25,30,东南风 微,东南风 微
2018/8/6,多云,雷阵雨,30,20,25,东风 微,东南风 微
2018/8/7,雷阵雨,中雨,30,24,27,南风 微,南风 微
2018/8/8,小雨,阴,30,24,27,东风 微,东风 微
2018/8/9,多云,多云,30,24,27,西南风 微,南风 微
2018/8/10,多云,雷阵雨,33,25,29,南风 微,东南风 微
2018/8/11,雷阵雨,中雨,31,23,27,东南风 微,东南风 微
2018/8/12,雷阵雨,中雨,30,24,27,北风 微,东风 微
2018/8/13,雷阵雨,雷阵雨,30,24,27,东北风 微,东北风 微
2018/8/14,雷阵雨,小雨,29,24,26.5,东风 微,东风 微
2018/8/15,多云,多云,32,24,28,北风 3-4级,北风 微
2018/8/16,晴,多云,31,21,26,北风 微,北风 微
2018/8/17,多云,雷阵雨,31,22,26.5,东南风 微,东南风 微
2018/8/18,小雨,中雨,28,23,25.5,北风 3-4级,东北风 微
2018/8/19,小雨,小雨,28,23,25.5,东风 微,东风 微
2018/8/20,多云,晴,32,22,27,北风 微,北风 微
2018/8/21,多云,多云,33,22,27.5,北风 微,北风 微
2018/8/22,雷阵雨,多云,29,20,24.5,西南风 微,西南风 微
2018/8/23,晴,晴,31,21,26,北风 微,北风 微
2018/8/24,多云,晴,32,20,26,北风 微,北风 微
2018/8/25,多云,雷阵雨,31,22,26.5,西南风 微,南风 微
2018/8/26,多云,多云,31,22,26.5,南风 微,南风 微
2018/8/27,阴,雷阵雨,30,22,26,东南风 微,东南风 微
2018/8/28,多云,晴,30,22,26,北风 微,北风 微
2018/8/29,晴,晴,32,20,26,北风 微,北风 微
2018/8/30,小雨,多云,28,20,24,西南风 微,西南风 微
2018/8/31,多云,阴,29,19,24,西南风 微,西南风 微
2018/9/1,多云,小雨,28,19,23.5,南风 微,南风 微
2018/9/2,多云,多云,27,19,23,南风 微,南风 微
2018/9/3,晴,晴,32,19,25.5,西北风 4-5级,西北风 4-5级
2018/9/4,晴,晴,30,18,24,西南风 3-4级,西南风 3-4级
2018/9/5,晴,多云,31,20,25.5,西南风 3-4级,西南风 3-4级
2018/9/6,晴,晴,27,18,22.5,西北风 4-5级,西北风 4-5级
2018/9/7,晴,晴,27,16,21.5,西北风 3-4级,西北风 3-4级
2018/9/8,多云,晴,27,15,21,北风 微,北风 微
2018/9/9,晴,晴,28,16,22,西南风 微,西南风 微
2018/9/10,多云,多云,28,19,23.5,南风 微,南风 微
2018/9/11,多云,多云,26,19,22.5,南风 微,南风 微
2018/9/12,多云,多云,29,18,23.5,南风 微,南风 微
2018/9/13,多云,多云,29,20,24.5,南风 微,南风 微
2018/9/14,多云,多云,28,19,23.5,西南风 微,西南风 微
2018/9/15,多云,多云,25,15,20,东北风 3-4级,东北风 3-4级
2018/9/16,晴,晴,25,14,19.5,北风 微,北风 微
2018/9/17,多云,多云,27,16,21.5,南风 微,南风 微
2018/9/18,阴,多云,25,17,21,西南风 微,西南风 微
2018/9/19,多云,多云,25,17,21,南风 微,南风 微
2018/9/20,多云,多云,27,16,21.5,南风 微,南风 微
2018/9/21,晴,晴,25,14,19.5,西北风 4-5级,西北风 4-5级
2018/9/22,晴,晴,24,13,18.5,西北风 3-4级,西北风 3-4级
2018/9/23,晴,晴,24,12,18,西北风 4-5级,西北风 4-5级
2018/9/24,晴,晴,23,11,17,南风 微,南风 微
2018/9/25,晴,多云,24,12,18,南风 微,南风 微
2018/9/26,多云,多云,24,14,19,南风 微,南风 微
2018/9/27,小雨,小雨,22,12,17,南风 微,南风 微
2018/9/28,多云,多云,24,11,17.5,南风 3-4级,南风 3-4级
2018/9/29,晴,晴,21,10,15.5,北风 3-4级,北风 3-4级
2018/9/30,多云,多云,19,13,16,西北风 4-5级,西北风 4-5级
2018/10/1,晴,晴,25,12,18.5,西北风 4-5级,西北风 4-5级
2018/10/2,晴,晴,24,10,17,北风 微,北风 微
2018/10/3,晴,晴,26,10,18,北风 微,北风 微
2018/10/4,晴,晴,25,12,18.5,东南风 微,东南风 微
2018/10/5,多云,多云,24,14,19,南风 微,南风 微
2018/10/6,晴,晴,20,8,14,北风 3-4级,北风 3-4级
2018/10/7,晴,晴,21,7,14,西南风 微,西南风 微
2018/10/8,多云,多云,21,9,15,东北风 微,东北风 微
2018/10/9,晴,晴,16,3,9.5,西北风 4-5级,西北风 4-5级
2018/10/10,多云,晴,17,4,10.5,东北风 微,东北风 微
2018/10/11,晴,多云,18,5,11.5,西南风 微,西南风 微
2018/10/12,多云,多云,20,8,14,西南风 微,西南风 微
2018/10/13,晴,晴,20,8,14,西南风 微,西南风 微
2018/10/14,多云,多云,20,10,15,南风 微,南风 微
2018/10/15,小雨,小雨,17,11,14,北风 微,北风 微
2018/10/16,多云,晴,17,7,12,北风 微,北风 微
2018/10/17,晴,晴,18,5,11.5,北风 微,北风 微
2018/10/18,晴,晴,18,5,11.5,南风 微,南风 微
2018/10/19,晴,多云,19,5,12,南风 微,南风 微
2018/10/20,多云,多云,18,7,12.5,南风 微,南风 微
2018/10/21,多云,晴,17,6,11.5,东南风 微,东南风 微
2018/10/22,多云,晴,19,5,12,西北风 微,西北风 微
2018/10/23,晴,晴,19,4,11.5,西南风 微,西南风 微
2018/10/24,晴,多云,21,6,13.5,南风 微,南风 微
2018/10/25,多云,晴,16,8,12,西风 微,西风 微
2018/10/26,晴,晴,14,3,8.5,西北风 4-5级,西北风 4-5级
2018/10/27,晴,多云,17,5,11,西南风 微,西南风 微
2018/10/28,多云,多云,18,4,11,西北风 4-5级,西北风 4-5级
2018/10/29,晴,晴,15,3,9,西北风 3-4级,西北风 3-4级
2018/10/30,晴,晴,16,1,8.5,北风 微,北风 微
2018/10/31,晴,晴,17,3,10,西南风 微,西南风 微
2018/11/1,晴,晴,17,3,10,南风 微,南风 微
2018/11/2,晴,晴,15,4,9.5,南风 微,南风 微
2018/11/3,多云,多云,16,6,11,南风 微,南风 微
2018/11/4,小雨,多云,11,2,6.5,北风 3-4级,北风 3-4级
2018/11/5,多云,多云,10,2,6,东北风 微,东北风 微
2018/11/6,多云,多云,12,0,6,东北风 微,东北风 微
2018/11/7,多云,多云,12,2,7,南风 微,南风 微
2018/11/8,晴,晴,14,2,8,西南风 微,西南风 微
2018/11/9,晴,多云,16,1,8.5,西北风 3-4级,西北风 3-4级
2018/11/10,多云,多云,11,2,6.5,东南风 微,东南风 微
2018/11/11,晴,晴,14,1,7.5,西南风 微,西南风 微
2018/11/12,晴,晴,14,2,8,西南风 微,西南风 微
2018/11/13,多云,多云,13,5,9,东南风 微,东南风 微
2018/11/14,雾,多云,11,5,8,南风 微,南风 微
2018/11/15,阴,多云,10,1,5.5,北风 3-4级,北风 3-4级
2018/11/16,晴,多云,8,-2,3,北风 微,北风 微
2018/11/17,多云,晴,9,-2,3.5,南风 微,南风 微
2018/11/18,晴,晴,11,-3,4,西北风 3-4级,西北风 3-4级
2018/11/19,晴,多云,10,-2,4,西南风 微,西南风 微
2018/11/20,多云,多云,10,-1,4.5,东北风 3-4级,东北风 3-4级
2018/11/21,晴,晴,9,-3,3,西北风 3-4级,西北风 3-4级
2018/11/22,晴,多云,8,-3,2.5,南风 微,南风 微
2018/11/23,多云,多云,7,0,3.5,东北风 微,东北风 微
2018/11/24,晴,晴,10,-3,3.5,西南风 微,西南风 微
2018/11/25,晴,晴,10,-3,3.5,西南风 微,西南风 微
2018/11/26,浮尘,多云,10,0,5,西南风 微,西南风 微
2018/11/27,晴,多云,9,-3,3,北风 3-4级,北风 3-4级
2018/11/28,晴,晴,8,-3,2.5,北风 微,北风 微
2018/11/29,晴,晴,7,-4,1.5,南风 微,南风 微
2018/11/30,晴,晴,8,-3,2.5,西南风 微,西南风 微
2018/12/1,多云,多云,7,0,3.5,东南风 微,东南风 微
2018/12/2,雾,多云,8,2,5,北风 微,北风 微
2018/12/3,多云,多云,8,-3,2.5,北风 3-4级,北风 3-4级
2018/12/4,晴,多云,4,-6,-1,西北风 3-4级,西北风 3-4级
2018/12/5,阴,多云,0,-4,-2,南风 微,南风 微
2018/12/6,晴,晴,-2,-9,-5.5,西北风 4-5级,西北风 4-5级
2018/12/7,晴,晴,-5,-10,-7.5,西北风 4-5级,西北风 4-5级
2018/12/8,晴,多云,-2,-10,-6,西北风 3-4级,西北风 3-4级
2018/12/9,多云,晴,-1,-10,-5.5,西南风 微,西南风 微
2018/12/10,多云,多云,0,-7,-3.5,东南风 微,东南风 微
2018/12/11,晴,晴,-1,-10,-5.5,西北风 4-5级,西北风 4-5级
2018/12/12,晴,晴,1,-8,-3.5,西南风 微,西南风 微
2018/12/13,晴,晴,3,-7,-2,北风 3-4级,北风 3-4级
2018/12/14,晴,多云,4,-6,-1,南风 微,南风 微
2018/12/15,霾,霾,2,-6,-2,西风 微,西风 微
2018/12/16,晴,晴,7,-4,1.5,西北风 3-4级,西北风 3-4级
2018/12/17,晴,晴,8,-5,1.5,西南风 微,西南风 微
2018/12/18,晴,晴,9,-4,2.5,北风 微,北风 微
2018/12/19,晴,多云,8,-5,1.5,北风 微,北风 微
2018/12/20,多云,霾,6,-4,1,东南风 微,东南风 微
2018/12/21,多云,多云,9,-2,3.5,西南风 微,西南风 微
2018/12/22,多云,多云,8,-6,1,北风 微,北风 微
2018/12/23,晴,晴,0,-9,-4.5,北风 3-4级,北风 3-4级
2018/12/24,晴,晴,2,-8,-3,西南风 微,西南风 微
2018/12/25,晴,晴,3,-9,-3,北风 3-4级,北风 3-4级
